,user_id,gameweek,position,element
0,162095,1,1,15
1,162095,1,2,311
2,162095,1,3,120
3,162095,1,4,409
4,162095,1,5,44
5,162095,1,6,182
6,162095,1,7,382
7,162095,1,8,560
8,162095,1,9,78
9,162095,1,10,48
10,162095,1,11,251
11,162095,1,12,73
12,162095,1,13,108
13,162095,1,14,341
14,162095,1,15,316
15,162095,2,1,15
16,162095,2,2,311
17,162095,2,3,120
18,162095,2,4,409
19,162095,2,5,182
20,162095,2,6,382
21,162095,2,7,560
22,162095,2,8,78
23,162095,2,9,240
24,162095,2,10,316
25,162095,2,11,251
26,162095,2,12,73
27,162095,2,13,108
28,162095,2,14,341
29,162095,2,15,44
30,162095,3,1,15
31,162095,3,2,311
32,162095,3,3,44
33,162095,3,4,409
34,162095,3,5,182
35,162095,3,6,54
36,162095,3,7,560
37,162095,3,8,78
38,162095,3,9,251
39,162095,3,10,321
40,162095,3,11,316
41,162095,3,12,73
42,162095,3,13,240
43,162095,3,14,341
44,162095,3,15,120
45,162095,4,1,15
46,162095,4,2,311
47,162095,4,3,162
48,162095,4,4,409
49,162095,4,5,120
50,162095,4,6,44
51,162095,4,7,182
52,162095,4,8,54
53,162095,4,9,392
54,162095,4,10,78
55,162095,4,11,38
56,162095,4,12,14
57,162095,4,13,636
58,162095,4,14,251
59,162095,4,15,316
60,162095,5,1,14
61,162095,5,2,311
62,162095,5,3,593
63,162095,5,4,409
64,162095,5,5,120
65,162095,5,6,162
66,162095,5,7,182
67,162095,5,8,54
68,162095,5,9,78
69,162095,5,10,392
70,162095,5,11,38
71,162095,5,12,15
72,162095,5,13,636
73,162095,5,14,251
74,162095,5,15,316
75,162095,6,1,15
76,162095,6,2,311
77,162095,6,3,162
78,162095,6,4,495
79,162095,6,5,593
80,162095,6,6,136
81,162095,6,7,398
82,162095,6,8,78
83,162095,6,9,392
84,162095,6,10,251
85,162095,6,11,38
86,162095,6,12,14
87,162095,6,13,636
88,162095,6,14,316
89,162095,6,15,120
90,162095,7,1,15
91,162095,7,2,311
92,162095,7,3,162
93,162095,7,4,495
94,162095,7,5,392
95,162095,7,6,136
96,162095,7,7,398
97,162095,7,8,78
98,162095,7,9,300
99,162095,7,10,232
100,162095,7,11,38
101,162095,7,12,14
102,162095,7,13,316
103,162095,7,14,120
104,162095,7,15,593
105,162095,8,1,15
106,162095,8,2,311
107,162095,8,3,593
108,162095,8,4,495
109,162095,8,5,392
110,162095,8,6,136
111,162095,8,7,398
112,162095,8,8,78
113,162095,8,9,394
114,162095,8,10,232
115,162095,8,11,38
116,162095,8,12,14
117,162095,8,13,162
118,162095,8,14,120
119,162095,8,15,316
120,162095,9,1,15
121,162095,9,2,311
122,162095,9,3,162
123,162095,9,4,495
124,162095,9,5,593
125,162095,9,6,136
126,162095,9,7,354
127,162095,9,8,78
128,162095,9,9,38
129,162095,9,10,306
130,162095,9,11,232
131,162095,9,12,14
132,162095,9,13,398
133,162095,9,14,120
134,162095,9,15,392
135,162095,10,1,15
136,162095,10,2,311
137,162095,10,3,238
138,162095,10,4,495
139,162095,10,5,78
140,162095,10,6,136
141,162095,10,7,247
142,162095,10,8,398
143,162095,10,9,306
144,162095,10,10,232
145,162095,10,11,38
146,162095,10,12,14
147,162095,10,13,392
148,162095,10,14,593
149,162095,10,15,162
150,162095,11,1,15
151,162095,11,2,311
152,162095,11,3,495
153,162095,11,4,486
154,162095,11,5,593
155,162095,11,6,136
156,162095,11,7,398
157,162095,11,8,247
158,162095,11,9,78
159,162095,11,10,392
160,162095,11,11,232
161,162095,11,12,14
162,162095,11,13,306
163,162095,11,14,38
164,162095,11,15,162
165,162095,12,1,15
166,162095,12,2,495
167,162095,12,3,593
168,162095,12,4,162
169,162095,12,5,392
170,162095,12,6,78
171,162095,12,7,247
172,162095,12,8,398
173,162095,12,9,136
174,162095,12,10,306
175,162095,12,11,232
176,162095,12,12,568
177,162095,12,13,38
178,162095,12,14,436
179,162095,12,15,311
180,162095,13,1,15
181,162095,13,2,495
182,162095,13,3,593
183,162095,13,4,162
184,162095,13,5,436
185,162095,13,6,311
186,162095,13,7,89
187,162095,13,8,398
188,162095,13,9,136
189,162095,13,10,306
190,162095,13,11,232
191,162095,13,12,568
192,162095,13,13,512
193,162095,13,14,392
194,162095,13,15,78
195,162095,14,1,15
196,162095,14,2,311
197,162095,14,3,593
198,162095,14,4,495
199,162095,14,5,136
200,162095,14,6,398
201,162095,14,7,23
202,162095,14,8,78
203,162095,14,9,512
204,162095,14,10,306
205,162095,14,11,232
206,162095,14,12,568
207,162095,14,13,392
208,162095,14,14,162
209,162095,14,15,436
210,162095,15,1,15
211,162095,15,2,162
212,162095,15,3,495
213,162095,15,4,593
214,162095,15,5,436
215,162095,15,6,392
216,162095,15,7,136
217,162095,15,8,398
218,162095,15,9,23
219,162095,15,10,78
220,162095,15,11,306
221,162095,15,12,568
222,162095,15,13,311
223,162095,15,14,232
224,162095,15,15,589
225,162095,16,1,15
226,162095,16,2,495
227,162095,16,3,162
228,162095,16,4,311
229,162095,16,5,392
230,162095,16,6,78
231,162095,16,7,23
232,162095,16,8,398
233,162095,16,9,136
234,162095,16,10,220
235,162095,16,11,306
236,162095,16,12,568
237,162095,16,13,436
238,162095,16,14,232
239,162095,16,15,85
240,162095,17,1,15
241,162095,17,2,436
242,162095,17,3,162
243,162095,17,4,311
244,162095,17,5,625
245,162095,17,6,78
246,162095,17,7,247
247,162095,17,8,398
248,162095,17,9,136
249,162095,17,10,220
250,162095,17,11,306
251,162095,17,12,568
252,162095,17,13,495
253,162095,17,14,232
254,162095,17,15,85
255,162095,18,1,15
256,162095,18,2,311
257,162095,18,3,162
258,162095,18,4,495
259,162095,18,5,436
260,162095,18,6,85
261,162095,18,7,136
262,162095,18,8,398
263,162095,18,9,78
264,162095,18,10,23
265,162095,18,11,232
266,162095,18,12,568
267,162095,18,13,306
268,162095,18,14,247
269,162095,18,15,220
270,162095,19,1,15
271,162095,19,2,311
272,162095,19,3,162
273,162095,19,4,495
274,162095,19,5,85
275,162095,19,6,136
276,162095,19,7,398
277,162095,19,8,247
278,162095,19,9,78
279,162095,19,10,23
280,162095,19,11,232
281,162095,19,12,568
282,162095,19,13,436
283,162095,19,14,220
284,162095,19,15,306
285,162095,20,1,15
286,162095,20,2,436
287,162095,20,3,162
288,162095,20,4,311
289,162095,20,5,495
290,162095,20,6,136
291,162095,20,7,23
292,162095,20,8,78
293,162095,20,9,398
294,162095,20,10,247
295,162095,20,11,232
296,162095,20,12,568
297,162095,20,13,85
298,162095,20,14,220
299,162095,20,15,306
300,162095,21,1,15
301,162095,21,2,162
302,162095,21,3,311
303,162095,21,4,495
304,162095,21,5,329
305,162095,21,6,136
306,162095,21,7,23
307,162095,21,8,78
308,162095,21,9,398
309,162095,21,10,306
310,162095,21,11,232
311,162095,21,12,91
312,162095,21,13,220
313,162095,21,14,85
314,162095,21,15,436
315,162095,22,1,15
316,162095,22,2,311
317,162095,22,3,495
318,162095,22,4,436
319,162095,22,5,136
320,162095,22,6,398
321,162095,22,7,329
322,162095,22,8,78
323,162095,22,9,23
324,162095,22,10,232
325,162095,22,11,306
326,162095,22,12,91
327,162095,22,13,162
328,162095,22,14,220
329,162095,22,15,85
330,162095,23,1,15
331,162095,23,2,311
332,162095,23,3,495
333,162095,23,4,436
334,162095,23,5,329
335,162095,23,6,136
336,162095,23,7,23
337,162095,23,8,78
338,162095,23,9,398
339,162095,23,10,232
340,162095,23,11,306
341,162095,23,12,91
342,162095,23,13,220
343,162095,23,14,162
344,162095,23,15,85
345,162095,24,1,15
346,162095,24,2,311
347,162095,24,3,162
348,162095,24,4,495
349,162095,24,5,136
350,162095,24,6,398
351,162095,24,7,329
352,162095,24,8,78
353,162095,24,9,23
354,162095,24,10,306
355,162095,24,11,232
356,162095,24,12,91
357,162095,24,13,220
358,162095,24,14,436
359,162095,24,15,85
360,162095,25,1,15
361,162095,25,2,311
362,162095,25,3,574
363,162095,25,4,495
364,162095,25,5,436
365,162095,25,6,85
366,162095,25,7,136
367,162095,25,8,398
368,162095,25,9,78
369,162095,25,10,23
370,162095,25,11,123
371,162095,25,12,91
372,162095,25,13,329
373,162095,25,14,232
374,162095,25,15,306
375,162095,26,1,15
376,162095,26,2,311
377,162095,26,3,574
378,162095,26,4,495
379,162095,26,5,85
380,162095,26,6,329
381,162095,26,7,136
382,162095,26,8,398
383,162095,26,9,78
384,162095,26,10,23
385,162095,26,11,306
386,162095,26,12,91
387,162095,26,13,145
388,162095,26,14,123
389,162095,26,15,232
390,162095,27,1,91
391,162095,27,2,311
392,162095,27,3,495
393,162095,27,4,524
394,162095,27,5,593
395,162095,27,6,329
396,162095,27,7,398
397,162095,27,8,136
398,162095,27,9,78
399,162095,27,10,23
400,162095,27,11,123
401,162095,27,12,15
402,162095,27,13,574
403,162095,27,14,306
404,162095,27,15,180
405,162095,28,1,15
406,162095,28,2,311
407,162095,28,3,495
408,162095,28,4,361
409,162095,28,5,144
410,162095,28,6,574
411,162095,28,7,136
412,162095,28,8,247
413,162095,28,9,78
414,162095,28,10,23
415,162095,28,11,123
416,162095,28,12,91
417,162095,28,13,398
418,162095,28,14,306
419,162095,28,15,180
420,162095,29,1,15
421,162095,29,2,574
422,162095,29,3,495
423,162095,29,4,144
424,162095,29,5,361
425,162095,29,6,247
426,162095,29,7,136
427,162095,29,8,78
428,162095,29,9,13
429,162095,29,10,306
430,162095,29,11,123
431,162095,29,12,91
432,162095,29,13,311
433,162095,29,14,398
434,162095,29,15,180
435,162095,30,1,15
436,162095,30,2,574
437,162095,30,3,495
438,162095,30,4,361
439,162095,30,5,144
440,162095,30,6,136
441,162095,30,7,247
442,162095,30,8,78
443,162095,30,9,13
444,162095,30,10,306
445,162095,30,11,180
446,162095,30,12,91
447,162095,30,13,311
448,162095,30,14,398
449,162095,30,15,421
450,162095,31,1,15
451,162095,31,2,574
452,162095,31,3,495
453,162095,31,4,144
454,162095,31,5,361
455,162095,31,6,494
456,162095,31,7,136
457,162095,31,8,78
458,162095,31,9,417
459,162095,31,10,421
460,162095,31,11,180
461,162095,31,12,91
462,162095,31,13,232
463,162095,31,14,398
464,162095,31,15,311
465,162095,32,1,15
466,162095,32,2,574
467,162095,32,3,567
468,162095,32,4,361
469,162095,32,5,247
470,162095,32,6,494
471,162095,32,7,78
472,162095,32,8,417
473,162095,32,9,421
474,162095,32,10,232
475,162095,32,11,180
476,162095,32,12,91
477,162095,32,13,136
478,162095,32,14,495
479,162095,32,15,162
480,162095,33,1,15
481,162095,33,2,162
482,162095,33,3,200
483,162095,33,4,361
484,162095,33,5,247
485,162095,33,6,398
486,162095,33,7,78
487,162095,33,8,417
488,162095,33,9,252
489,162095,33,10,232
490,162095,33,11,180
491,162095,33,12,91
492,162095,33,13,494
493,162095,33,14,567
494,162095,33,15,574
495,162095,34,1,91
496,162095,34,2,162
497,162095,34,3,574
498,162095,34,4,85
499,162095,34,5,567
500,162095,34,6,398
501,162095,34,7,247
502,162095,34,8,78
503,162095,34,9,417
504,162095,34,10,252
505,162095,34,11,180
506,162095,34,12,15
507,162095,34,13,403
508,162095,34,14,232
509,162095,34,15,361
510,162095,35,1,91
511,162095,35,2,85
512,162095,35,3,574
513,162095,35,4,361
514,162095,35,5,247
515,162095,35,6,625
516,162095,35,7,78
517,162095,35,8,417
518,162095,35,9,252
519,162095,35,10,232
520,162095,35,11,180
521,162095,35,12,15
522,162095,35,13,398
523,162095,35,14,6
524,162095,35,15,567
525,162095,36,1,91
526,162095,36,2,85
527,162095,36,3,574
528,162095,36,4,361
529,162095,36,5,247
530,162095,36,6,398
531,162095,36,7,78
532,162095,36,8,417
533,162095,36,9,252
534,162095,36,10,232
535,162095,36,11,180
536,162095,36,12,15
537,162095,36,13,625
538,162095,36,14,6
539,162095,36,15,567
540,162095,37,1,91
541,162095,37,2,231
542,162095,37,3,361
543,162095,37,4,574
544,162095,37,5,247
545,162095,37,6,78
546,162095,37,7,417
547,162095,37,8,625
548,162095,37,9,398
549,162095,37,10,252
550,162095,37,11,232
551,162095,37,12,15
552,162095,37,13,6
553,162095,37,14,85
554,162095,37,15,129
555,162095,38,1,15
556,162095,38,2,85
557,162095,38,3,361
558,162095,38,4,516
559,162095,38,5,24
560,162095,38,6,247
561,162095,38,7,78
562,162095,38,8,12
563,162095,38,9,625
564,162095,38,10,525
565,162095,38,11,232
566,162095,38,12,91
567,162095,38,13,252
568,162095,38,14,574
569,162095,38,15,129
570,266672,1,1,413
571,266672,1,2,18
572,266672,1,3,337
573,266672,1,4,333
574,266672,1,5,550
575,266672,1,6,345
576,266672,1,7,13
577,266672,1,8,514
578,266672,1,9,336
579,266672,1,10,541
580,266672,1,11,220
581,266672,1,12,508
582,266672,1,13,363
583,266672,1,14,335
584,266672,1,15,421
585,266672,2,1,508
586,266672,2,2,335
587,266672,2,3,18
588,266672,2,4,405
589,266672,2,5,345
590,266672,2,6,13
591,266672,2,7,514
592,266672,2,8,550
593,266672,2,9,336
594,266672,2,10,541
595,266672,2,11,306
596,266672,2,12,413
597,266672,2,13,363
598,266672,2,14,145
599,266672,2,15,220
600,266672,3,1,413
601,266672,3,2,404
602,266672,3,3,18
603,266672,3,4,86
604,266672,3,5,345
605,266672,3,6,13
606,266672,3,7,514
607,266672,3,8,550
608,266672,3,9,541
609,266672,3,10,220
610,266672,3,11,306
611,266672,3,12,508
612,266672,3,13,336
613,266672,3,14,335
614,266672,3,15,363
615,266672,4,1,413
616,266672,4,2,404
617,266672,4,3,145
618,266672,4,4,335
619,266672,4,5,363
620,266672,4,6,345
621,266672,4,7,336
622,266672,4,8,514
623,266672,4,9,239
624,266672,4,10,541
625,266672,4,11,220
626,266672,4,12,508
627,266672,4,13,13
628,266672,4,14,18
629,266672,4,15,421
630,266672,5,1,413
631,266672,5,2,335
632,266672,5,3,363
633,266672,5,4,145
634,266672,5,5,362
635,266672,5,6,514
636,266672,5,7,625
637,266672,5,8,336
638,266672,5,9,541
639,266672,5,10,220
640,266672,5,11,306
641,266672,5,12,508
642,266672,5,13,345
643,266672,5,14,18
644,266672,5,15,13
645,266672,6,1,508
646,266672,6,2,18
647,266672,6,3,335
648,266672,6,4,363
649,266672,6,5,70
650,266672,6,6,336
651,266672,6,7,514
652,266672,6,8,625
653,266672,6,9,306
654,266672,6,10,541
655,266672,6,11,220
656,266672,6,12,413
657,266672,6,13,145
658,266672,6,14,345
659,266672,6,15,13
660,266672,7,1,413
661,266672,7,2,18
662,266672,7,3,335
663,266672,7,4,363
664,266672,7,5,395
665,266672,7,6,524
666,266672,7,7,336
667,266672,7,8,514
668,266672,7,9,625
669,266672,7,10,306
670,266672,7,11,220
671,266672,7,12,508
672,266672,7,13,541
673,266672,7,14,345
674,266672,7,15,13
675,266672,8,1,413
676,266672,8,2,18
677,266672,8,3,335
678,266672,8,4,32
679,266672,8,5,395
680,266672,8,6,336
681,266672,8,7,514
682,266672,8,8,618
683,266672,8,9,110
684,266672,8,10,541
685,266672,8,11,220
686,266672,8,12,325
687,266672,8,13,363
688,266672,8,14,345
689,266672,8,15,13
690,266672,9,1,325
691,266672,9,2,228
692,266672,9,3,335
693,266672,9,4,32
694,266672,9,5,434
695,266672,9,6,89
696,266672,9,7,514
697,266672,9,8,618
698,266672,9,9,110
699,266672,9,10,541
700,266672,9,11,220
701,266672,9,12,413
702,266672,9,13,18
703,266672,9,14,395
704,266672,9,15,13
705,266672,10,1,325
706,266672,10,2,18
707,266672,10,3,228
708,266672,10,4,26
709,266672,10,5,399
710,266672,10,6,434
711,266672,10,7,514
712,266672,10,8,618
713,266672,10,9,541
714,266672,10,10,220
715,266672,10,11,110
716,266672,10,12,413
717,266672,10,13,335
718,266672,10,14,345
719,266672,10,15,13
720,266672,11,1,413
721,266672,11,2,335
722,266672,11,3,200
723,266672,11,4,399
724,266672,11,5,345
725,266672,11,6,560
726,266672,11,7,514
727,266672,11,8,618
728,266672,11,9,13
729,266672,11,10,110
730,266672,11,11,541
731,266672,11,12,325
732,266672,11,13,220
733,266672,11,14,18
734,266672,11,15,387
735,266672,12,1,413
736,266672,12,2,335
737,266672,12,3,18
738,266672,12,4,399
739,266672,12,5,514
740,266672,12,6,13
741,266672,12,7,71
742,266672,12,8,345
743,266672,12,9,541
744,266672,12,10,220
745,266672,12,11,110
746,266672,12,12,325
747,266672,12,13,560
748,266672,12,14,171
749,266672,12,15,26
750,266672,13,1,413
751,266672,13,2,26
752,266672,13,3,18
753,266672,13,4,399
754,266672,13,5,171
755,266672,13,6,345
756,266672,13,7,560
757,266672,13,8,585
758,266672,13,9,13
759,266672,13,10,110
760,266672,13,11,541
761,266672,13,12,325
762,266672,13,13,514
763,266672,13,14,220
764,266672,13,15,335
765,266672,14,1,325
766,266672,14,2,18
767,266672,14,3,340
768,266672,14,4,171
769,266672,14,5,13
770,266672,14,6,514
771,266672,14,7,585
772,266672,14,8,345
773,266672,14,9,389
774,266672,14,10,541
775,266672,14,11,110
776,266672,14,12,413
777,266672,14,13,560
778,266672,14,14,335
779,266672,14,15,399
780,266672,15,1,413
781,266672,15,2,171
782,266672,15,3,18
783,266672,15,4,36
784,266672,15,5,560
785,266672,15,6,13
786,266672,15,7,514
787,266672,15,8,345
788,266672,15,9,541
789,266672,15,10,389
790,266672,15,11,110
791,266672,15,12,325
792,266672,15,13,16
793,266672,15,14,335
794,266672,15,15,395
795,266672,16,1,488
796,266672,16,2,18
797,266672,16,3,335
798,266672,16,4,395
799,266672,16,5,433
800,266672,16,6,13
801,266672,16,7,514
802,266672,16,8,16
803,266672,16,9,345
804,266672,16,10,541
805,266672,16,11,110
806,266672,16,12,413
807,266672,16,13,8
808,266672,16,14,38
809,266672,16,15,171
810,266672,17,1,204
811,266672,17,2,18
812,266672,17,3,244
813,266672,17,4,171
814,266672,17,5,395
815,266672,17,6,13
816,266672,17,7,514
817,266672,17,8,402
818,266672,17,9,433
819,266672,17,10,541
820,266672,17,11,110
821,266672,17,12,413
822,266672,17,13,345
823,266672,17,14,38
824,266672,17,15,335
825,266672,18,1,358
826,266672,18,2,18
827,266672,18,3,395
828,266672,18,4,171
829,266672,18,5,341
830,266672,18,6,402
831,266672,18,7,514
832,266672,18,8,433
833,266672,18,9,13
834,266672,18,10,345
835,266672,18,11,541
836,266672,18,12,413
837,266672,18,13,110
838,266672,18,14,335
839,266672,18,15,38
840,266672,19,1,358
841,266672,19,2,18
842,266672,19,3,341
843,266672,19,4,395
844,266672,19,5,402
845,266672,19,6,514
846,266672,19,7,433
847,266672,19,8,13
848,266672,19,9,345
849,266672,19,10,251
850,266672,19,11,541
851,266672,19,12,413
852,266672,19,13,110
853,266672,19,14,171
854,266672,19,15,335
855,266672,20,1,358
856,266672,20,2,18
857,266672,20,3,341
858,266672,20,4,395
859,266672,20,5,335
860,266672,20,6,437
861,266672,20,7,403
862,266672,20,8,433
863,266672,20,9,13
864,266672,20,10,345
865,266672,20,11,110
866,266672,20,12,413
867,266672,20,13,589
868,266672,20,14,541
869,266672,20,15,514
870,266672,21,1,521
871,266672,21,2,377
872,266672,21,3,395
873,266672,21,4,335
874,266672,21,5,18
875,266672,21,6,403
876,266672,21,7,433
877,266672,21,8,13
878,266672,21,9,345
879,266672,21,10,110
880,266672,21,11,389
881,266672,21,12,413
882,266672,21,13,437
883,266672,21,14,541
884,266672,21,15,514
885,266672,22,1,358
886,266672,22,2,335
887,266672,22,3,437
888,266672,22,4,395
889,266672,22,5,433
890,266672,22,6,13
891,266672,22,7,403
892,266672,22,8,345
893,266672,22,9,541
894,266672,22,10,389
895,266672,22,11,110
896,266672,22,12,413
897,266672,22,13,18
898,266672,22,14,341
899,266672,22,15,514
900,266672,23,1,146
901,266672,23,2,335
902,266672,23,3,437
903,266672,23,4,395
904,266672,23,5,18
905,266672,23,6,433
906,266672,23,7,403
907,266672,23,8,345
908,266672,23,9,541
909,266672,23,10,497
910,266672,23,11,110
911,266672,23,12,413
912,266672,23,13,337
913,266672,23,14,13
914,266672,23,15,514
915,266672,24,1,568
916,266672,24,2,335
917,266672,24,3,267
918,266672,24,4,395
919,266672,24,5,433
920,266672,24,6,13
921,266672,24,7,403
922,266672,24,8,345
923,266672,24,9,541
924,266672,24,10,497
925,266672,24,11,110
926,266672,24,12,413
927,266672,24,13,437
928,266672,24,14,18
929,266672,24,15,514
930,266672,25,1,513
931,266672,25,2,596
932,266672,25,3,731
933,266672,25,4,335
934,266672,25,5,18
935,266672,25,6,437
936,266672,25,7,514
937,266672,25,8,433
938,266672,25,9,13
939,266672,25,10,53
940,266672,25,11,110
941,266672,25,12,413
942,266672,25,13,541
943,266672,25,14,345
944,266672,25,15,421
945,266672,26,1,554
946,266672,26,2,504
947,266672,26,3,18
948,266672,26,4,147
949,266672,26,5,494
950,266672,26,6,345
951,266672,26,7,514
952,266672,26,8,433
953,266672,26,9,13
954,266672,26,10,541
955,266672,26,11,110
956,266672,26,12,413
957,266672,26,13,533
958,266672,26,14,335
959,266672,26,15,421
960,266672,27,1,554
961,266672,27,2,533
962,266672,27,3,187
963,266672,27,4,147
964,266672,27,5,494
965,266672,27,6,514
966,266672,27,7,433
967,266672,27,8,168
968,266672,27,9,389
969,266672,27,10,541
970,266672,27,11,110
971,266672,27,12,413
972,266672,27,13,335
973,266672,27,14,18
974,266672,27,15,345
975,266672,28,1,554
976,266672,28,2,533
977,266672,28,3,187
978,266672,28,4,335
979,266672,28,5,18
980,266672,28,6,494
981,266672,28,7,514
982,266672,28,8,433
983,266672,28,9,54
984,266672,28,10,11
985,266672,28,11,110
986,266672,28,12,413
987,266672,28,13,345
988,266672,28,14,541
989,266672,28,15,436
990,266672,29,1,554
991,266672,29,2,533
992,266672,29,3,187
993,266672,29,4,436
994,266672,29,5,18
995,266672,29,6,494
996,266672,29,7,514
997,266672,29,8,433
998,266672,29,9,9
999,266672,29,10,375
1000,266672,29,11,110
1001,266672,29,12,413
1002,266672,29,13,345
1003,266672,29,14,541
1004,266672,29,15,335
1005,266672,30,1,413
1006,266672,30,2,533
1007,266672,30,3,200
1008,266672,30,4,18
1009,266672,30,5,335
1010,266672,30,6,514
1011,266672,30,7,585
1012,266672,30,8,9
1013,266672,30,9,633
1014,266672,30,10,110
1015,266672,30,11,375
1016,266672,30,12,554
1017,266672,30,13,433
1018,266672,30,14,541
1019,266672,30,15,436
1020,266672,31,1,413
1021,266672,31,2,533
1022,266672,31,3,200
1023,266672,31,4,18
1024,266672,31,5,335
1025,266672,31,6,514
1026,266672,31,7,585
1027,266672,31,8,9
1028,266672,31,9,633
1029,266672,31,10,433
1030,266672,31,11,110
1031,266672,31,12,554
1032,266672,31,13,436
1033,266672,31,14,541
1034,266672,31,15,375
1035,266672,32,1,413
1036,266672,32,2,415
1037,266672,32,3,18
1038,266672,32,4,436
1039,266672,32,5,45
1040,266672,32,6,433
1041,266672,32,7,491
1042,266672,32,8,633
1043,266672,32,9,585
1044,266672,32,10,541
1045,266672,32,11,110
1046,266672,32,12,554
1047,266672,32,13,172
1048,266672,32,14,514
1049,266672,32,15,589
1050,266672,33,1,358
1051,266672,33,2,533
1052,266672,33,3,18
1053,266672,33,4,436
1054,266672,33,5,514
1055,266672,33,6,585
1056,266672,33,7,16
1057,266672,33,8,633
1058,266672,33,9,433
1059,266672,33,10,541
1060,266672,33,11,110
1061,266672,33,12,413
1062,266672,33,13,589
1063,266672,33,14,311
1064,266672,33,15,415
1065,266672,34,1,413
1066,266672,34,2,533
1067,266672,34,3,415
1068,266672,34,4,436
1069,266672,34,5,311
1070,266672,34,6,514
1071,266672,34,7,560
1072,266672,34,8,433
1073,266672,34,9,750
1074,266672,34,10,541
1075,266672,34,11,110
1076,266672,34,12,358
1077,266672,34,13,74
1078,266672,34,14,351
1079,266672,34,15,18
1080,266672,35,1,413
1081,266672,35,2,415
1082,266672,35,3,18
1083,266672,35,4,311
1084,266672,35,5,433
1085,266672,35,6,17
1086,266672,35,7,514
1087,266672,35,8,635
1088,266672,35,9,742
1089,266672,35,10,541
1090,266672,35,11,110
1091,266672,35,12,358
1092,266672,35,13,351
1093,266672,35,14,436
1094,266672,35,15,533
1095,266672,36,1,413
1096,266672,36,2,241
1097,266672,36,3,533
1098,266672,36,4,415
1099,266672,36,5,433
1100,266672,36,6,328
1101,266672,36,7,514
1102,266672,36,8,346
1103,266672,36,9,354
1104,266672,36,10,541
1105,266672,36,11,110
1106,266672,36,12,358
1107,266672,36,13,436
1108,266672,36,14,220
1109,266672,36,15,311
1110,266672,37,1,413
1111,266672,37,2,436
1112,266672,37,3,533
1113,266672,37,4,340
1114,266672,37,5,354
1115,266672,37,6,696
1116,266672,37,7,328
1117,266672,37,8,514
1118,266672,37,9,433
1119,266672,37,10,541
1120,266672,37,11,110
1121,266672,37,12,358
1122,266672,37,13,311
1123,266672,37,14,220
1124,266672,37,15,415
1125,266672,38,1,413
1126,266672,38,2,393
1127,266672,38,3,415
1128,266672,38,4,340
1129,266672,38,5,742
1130,266672,38,6,136
1131,266672,38,7,328
1132,266672,38,8,514
1133,266672,38,9,433
1134,266672,38,10,541
1135,266672,38,11,110
1136,266672,38,12,358
1137,266672,38,13,533
1138,266672,38,14,220
1139,266672,38,15,311
1140,162019,1,1,47
1141,162019,1,2,361
1142,162019,1,3,326
1143,162019,1,4,399
1144,162019,1,5,317
1145,162019,1,6,494
1146,162019,1,7,19
1147,162019,1,8,28
1148,162019,1,9,434
1149,162019,1,10,351
1150,162019,1,11,129
1151,162019,1,12,201
1152,162019,1,13,207
1153,162019,1,14,578
1154,162019,1,15,45
1155,162019,2,1,201
1156,162019,2,2,361
1157,162019,2,3,326
1158,162019,2,4,211
1159,162019,2,5,317
1160,162019,2,6,494
1161,162019,2,7,19
1162,162019,2,8,28
1163,162019,2,9,434
1164,162019,2,10,207
1165,162019,2,11,351
1166,162019,2,12,47
1167,162019,2,13,129
1168,162019,2,14,578
1169,162019,2,15,45
1170,162019,3,1,47
1171,162019,3,2,361
1172,162019,3,3,326
1173,162019,3,4,257
1174,162019,3,5,317
1175,162019,3,6,494
1176,162019,3,7,19
1177,162019,3,8,28
1178,162019,3,9,434
1179,162019,3,10,207
1180,162019,3,11,351
1181,162019,3,12,201
1182,162019,3,13,129
1183,162019,3,14,45
1184,162019,3,15,578
1185,162019,4,1,47
1186,162019,4,2,326
1187,162019,4,3,361
1188,162019,4,4,200
1189,162019,4,5,45
1190,162019,4,6,317
1191,162019,4,7,494
1192,162019,4,8,19
1193,162019,4,9,135
1194,162019,4,10,351
1195,162019,4,11,207
1196,162019,4,12,201
1197,162019,4,13,129
1198,162019,4,14,117
1199,162019,4,15,578
1200,162019,5,1,47
1201,162019,5,2,326
1202,162019,5,3,361
1203,162019,5,4,189
1204,162019,5,5,422
1205,162019,5,6,494
1206,162019,5,7,19
1207,162019,5,8,135
1208,162019,5,9,351
1209,162019,5,10,207
1210,162019,5,11,129
1211,162019,5,12,201
1212,162019,5,13,317
1213,162019,5,14,23
1214,162019,5,15,578
1215,162019,6,1,47
1216,162019,6,2,326
1217,162019,6,3,189
1218,162019,6,4,578
1219,162019,6,5,28
1220,162019,6,6,317
1221,162019,6,7,494
1222,162019,6,8,19
1223,162019,6,9,23
1224,162019,6,10,207
1225,162019,6,11,351
1226,162019,6,12,201
1227,162019,6,13,361
1228,162019,6,14,422
1229,162019,6,15,129
1230,162019,7,1,47
1231,162019,7,2,326
1232,162019,7,3,361
1233,162019,7,4,578
1234,162019,7,5,267
1235,162019,7,6,314
1236,162019,7,7,317
1237,162019,7,8,494
1238,162019,7,9,23
1239,162019,7,10,207
1240,162019,7,11,351
1241,162019,7,12,201
1242,162019,7,13,19
1243,162019,7,14,422
1244,162019,7,15,129
1245,162019,8,1,201
1246,162019,8,2,422
1247,162019,8,3,361
1248,162019,8,4,578
1249,162019,8,5,267
1250,162019,8,6,19
1251,162019,8,7,317
1252,162019,8,8,494
1253,162019,8,9,23
1254,162019,8,10,117
1255,162019,8,11,351
1256,162019,8,12,47
1257,162019,8,13,207
1258,162019,8,14,326
1259,162019,8,15,129
1260,162019,9,1,47
1261,162019,9,2,422
1262,162019,9,3,361
1263,162019,9,4,255
1264,162019,9,5,326
1265,162019,9,6,19
1266,162019,9,7,494
1267,162019,9,8,23
1268,162019,9,9,117
1269,162019,9,10,207
1270,162019,9,11,351
1271,162019,9,12,201
1272,162019,9,13,317
1273,162019,9,14,578
1274,162019,9,15,129
1275,162019,10,1,201
1276,162019,10,2,422
1277,162019,10,3,361
1278,162019,10,4,255
1279,162019,10,5,326
1280,162019,10,6,19
1281,162019,10,7,494
1282,162019,10,8,23
1283,162019,10,9,117
1284,162019,10,10,207
1285,162019,10,11,351
1286,162019,10,12,47
1287,162019,10,13,317
1288,162019,10,14,578
1289,162019,10,15,129
1290,162019,11,1,201
1291,162019,11,2,326
1292,162019,11,3,409
1293,162019,11,4,422
1294,162019,11,5,255
1295,162019,11,6,494
1296,162019,11,7,19
1297,162019,11,8,117
1298,162019,11,9,129
1299,162019,11,10,351
1300,162019,11,11,207
1301,162019,11,12,47
1302,162019,11,13,317
1303,162019,11,14,578
1304,162019,11,15,346
1305,162019,12,1,47
1306,162019,12,2,144
1307,162019,12,3,255
1308,162019,12,4,326
1309,162019,12,5,409
1310,162019,12,6,578
1311,162019,12,7,19
1312,162019,12,8,494
1313,162019,12,9,324
1314,162019,12,10,129
1315,162019,12,11,351
1316,162019,12,12,201
1317,162019,12,13,317
1318,162019,12,14,207
1319,162019,12,15,117
1320,162019,13,1,201
1321,162019,13,2,144
1322,162019,13,3,409
1323,162019,13,4,578
1324,162019,13,5,117
1325,162019,13,6,19
1326,162019,13,7,494
1327,162019,13,8,618
1328,162019,13,9,207
1329,162019,13,10,129
1330,162019,13,11,351
1331,162019,13,12,47
1332,162019,13,13,317
1333,162019,13,14,189
1334,162019,13,15,326
1335,162019,14,1,201
1336,162019,14,2,409
1337,162019,14,3,144
1338,162019,14,4,153
1339,162019,14,5,494
1340,162019,14,6,19
1341,162019,14,7,618
1342,162019,14,8,117
1343,162019,14,9,351
1344,162019,14,10,207
1345,162019,14,11,129
1346,162019,14,12,47
1347,162019,14,13,317
1348,162019,14,14,578
1349,162019,14,15,326
1350,162019,15,1,47
1351,162019,15,2,144
1352,162019,15,3,409
1353,162019,15,4,578
1354,162019,15,5,117
1355,162019,15,6,19
1356,162019,15,7,494
1357,162019,15,8,618
1358,162019,15,9,207
1359,162019,15,10,129
1360,162019,15,11,351
1361,162019,15,12,201
1362,162019,15,13,317
1363,162019,15,14,25
1364,162019,15,15,326
1365,162019,16,1,47
1366,162019,16,2,144
1367,162019,16,3,409
1368,162019,16,4,578
1369,162019,16,5,117
1370,162019,16,6,19
1371,162019,16,7,494
1372,162019,16,8,618
1373,162019,16,9,207
1374,162019,16,10,129
1375,162019,16,11,351
1376,162019,16,12,201
1377,162019,16,13,317
1378,162019,16,14,153
1379,162019,16,15,326
1380,162019,17,1,201
1381,162019,17,2,578
1382,162019,17,3,409
1383,162019,17,4,187
1384,162019,17,5,317
1385,162019,17,6,494
1386,162019,17,7,585
1387,162019,17,8,560
1388,162019,17,9,351
1389,162019,17,10,207
1390,162019,17,11,129
1391,162019,17,12,47
1392,162019,17,13,19
1393,162019,17,14,167
1394,162019,17,15,326
1395,162019,18,1,201
1396,162019,18,2,210
1397,162019,18,3,409
1398,162019,18,4,187
1399,162019,18,5,317
1400,162019,18,6,494
1401,162019,18,7,417
1402,162019,18,8,560
1403,162019,18,9,585
1404,162019,18,10,351
1405,162019,18,11,129
1406,162019,18,12,47
1407,162019,18,13,207
1408,162019,18,14,578
1409,162019,18,15,326
1410,162019,19,1,201
1411,162019,19,2,187
1412,162019,19,3,210
1413,162019,19,4,578
1414,162019,19,5,560
1415,162019,19,6,417
1416,162019,19,7,503
1417,162019,19,8,317
1418,162019,19,9,585
1419,162019,19,10,207
1420,162019,19,11,82
1421,162019,19,12,47
1422,162019,19,13,129
1423,162019,19,14,409
1424,162019,19,15,326
1425,162019,20,1,47
1426,162019,20,2,88
1427,162019,20,3,210
1428,162019,20,4,578
1429,162019,20,5,106
1430,162019,20,6,503
1431,162019,20,7,317
1432,162019,20,8,585
1433,162019,20,9,571
1434,162019,20,10,207
1435,162019,20,11,82
1436,162019,20,12,201
1437,162019,20,13,129
1438,162019,20,14,409
1439,162019,20,15,326
1440,162019,21,1,47
1441,162019,21,2,593
1442,162019,21,3,210
1443,162019,21,4,326
1444,162019,21,5,364
1445,162019,21,6,317
1446,162019,21,7,585
1447,162019,21,8,571
1448,162019,21,9,129
1449,162019,21,10,207
1450,162019,21,11,82
1451,162019,21,12,201
1452,162019,21,13,503
1453,162019,21,14,409
1454,162019,21,15,578
1455,162019,22,1,201
1456,162019,22,2,210
1457,162019,22,3,326
1458,162019,22,4,409
1459,162019,22,5,191
1460,162019,22,6,503
1461,162019,22,7,364
1462,162019,22,8,585
1463,162019,22,9,129
1464,162019,22,10,82
1465,162019,22,11,207
1466,162019,22,12,47
1467,162019,22,13,317
1468,162019,22,14,578
1469,162019,22,15,571
1470,162019,23,1,47
1471,162019,23,2,409
1472,162019,23,3,578
1473,162019,23,4,326
1474,162019,23,5,49
1475,162019,23,6,364
1476,162019,23,7,135
1477,162019,23,8,610
1478,162019,23,9,503
1479,162019,23,10,207
1480,162019,23,11,129
1481,162019,23,12,201
1482,162019,23,13,82
1483,162019,23,14,210
1484,162019,23,15,274
1485,162019,24,1,47
1486,162019,24,2,409
1487,162019,24,3,326
1488,162019,24,4,270
1489,162019,24,5,274
1490,162019,24,6,222
1491,162019,24,7,121
1492,162019,24,8,503
1493,162019,24,9,735
1494,162019,24,10,207
1495,162019,24,11,129
1496,162019,24,12,201
1497,162019,24,13,364
1498,162019,24,14,210
1499,162019,24,15,578
1500,162019,25,1,47
1501,162019,25,2,210
1502,162019,25,3,326
1503,162019,25,4,167
1504,162019,25,5,402
1505,162019,25,6,106
1506,162019,25,7,57
1507,162019,25,8,503
1508,162019,25,9,725
1509,162019,25,10,735
1510,162019,25,11,207
1511,162019,25,12,201
1512,162019,25,13,129
1513,162019,25,14,88
1514,162019,25,15,144
1515,162019,26,1,146
1516,162019,26,2,210
1517,162019,26,3,88
1518,162019,26,4,144
1519,162019,26,5,247
1520,162019,26,6,106
1521,162019,26,7,633
1522,162019,26,8,503
1523,162019,26,9,618
1524,162019,26,10,735
1525,162019,26,11,207
1526,162019,26,12,201
1527,162019,26,13,129
1528,162019,26,14,326
1529,162019,26,15,162
1530,162019,27,1,201
1531,162019,27,2,88
1532,162019,27,3,326
1533,162019,27,4,162
1534,162019,27,5,525
1535,162019,27,6,106
1536,162019,27,7,503
1537,162019,27,8,618
1538,162019,27,9,129
1539,162019,27,10,735
1540,162019,27,11,207
1541,162019,27,12,146
1542,162019,27,13,491
1543,162019,27,14,559
1544,162019,27,15,650
1545,162019,28,1,201
1546,162019,28,2,326
1547,162019,28,3,650
1548,162019,28,4,162
1549,162019,28,5,106
1550,162019,28,6,491
1551,162019,28,7,503
1552,162019,28,8,633
1553,162019,28,9,618
1554,162019,28,10,735
1555,162019,28,11,129
1556,162019,28,12,146
1557,162019,28,13,207
1558,162019,28,14,171
1559,162019,28,15,559
1560,162019,29,1,146
1561,162019,29,2,85
1562,162019,29,3,559
1563,162019,29,4,162
1564,162019,29,5,106
1565,162019,29,6,491
1566,162019,29,7,503
1567,162019,29,8,535
1568,162019,29,9,618
1569,162019,29,10,735
1570,162019,29,11,129
1571,162019,29,12,201
1572,162019,29,13,207
1573,162019,29,14,326
1574,162019,29,15,650
1575,162019,30,1,201
1576,162019,30,2,650
1577,162019,30,3,326
1578,162019,30,4,85
1579,162019,30,5,106
1580,162019,30,6,503
1581,162019,30,7,392
1582,162019,30,8,535
1583,162019,30,9,207
1584,162019,30,10,129
1585,162019,30,11,735
1586,162019,30,12,146
1587,162019,30,13,491
1588,162019,30,14,559
1589,162019,30,15,415
1590,162019,31,1,201
1591,162019,31,2,559
1592,162019,31,3,326
1593,162019,31,4,415
1594,162019,31,5,12
1595,162019,31,6,503
1596,162019,31,7,392
1597,162019,31,8,168
1598,162019,31,9,207
1599,162019,31,10,129
1600,162019,31,11,735
1601,162019,31,12,146
1602,162019,31,13,85
1603,162019,31,14,177
1604,162019,31,15,650
1605,162019,32,1,201
1606,162019,32,2,650
1607,162019,32,3,326
1608,162019,32,4,171
1609,162019,32,5,177
1610,162019,32,6,336
1611,162019,32,7,392
1612,162019,32,8,9
1613,162019,32,9,207
1614,162019,32,10,129
1615,162019,32,11,735
1616,162019,32,12,146
1617,162019,32,13,503
1618,162019,32,14,335
1619,162019,32,15,559
1620,162019,33,1,201
1621,162019,33,2,44
1622,162019,33,3,326
1623,162019,33,4,559
1624,162019,33,5,336
1625,162019,33,6,57
1626,162019,33,7,9
1627,162019,33,8,392
1628,162019,33,9,735
1629,162019,33,10,207
1630,162019,33,11,129
1631,162019,33,12,146
1632,162019,33,13,177
1633,162019,33,14,26
1634,162019,33,15,335
1635,162019,34,1,146
1636,162019,34,2,257
1637,162019,34,3,326
1638,162019,34,4,559
1639,162019,34,5,191
1640,162019,34,6,720
1641,162019,34,7,336
1642,162019,34,8,106
1643,162019,34,9,392
1644,162019,34,10,177
1645,162019,34,11,218
1646,162019,34,12,201
1647,162019,34,13,735
1648,162019,34,14,207
1649,162019,34,15,9
1650,162019,35,1,201
1651,162019,35,2,36
1652,162019,35,3,338
1653,162019,35,4,32
1654,162019,35,5,9
1655,162019,35,6,230
1656,162019,35,7,606
1657,162019,35,8,392
1658,162019,35,9,106
1659,162019,35,10,207
1660,162019,35,11,735
1661,162019,35,12,146
1662,162019,35,13,218
1663,162019,35,14,257
1664,162019,35,15,326
1665,162019,36,1,201
1666,162019,36,2,257
1667,162019,36,3,338
1668,162019,36,4,313
1669,162019,36,5,9
1670,162019,36,6,230
1671,162019,36,7,423
1672,162019,36,8,392
1673,162019,36,9,106
1674,162019,36,10,207
1675,162019,36,11,735
1676,162019,36,12,146
1677,162019,36,13,32
1678,162019,36,14,218
1679,162019,36,15,326
1680,162019,37,1,201
1681,162019,37,2,52
1682,162019,37,3,32
1683,162019,37,4,162
1684,162019,37,5,9
1685,162019,37,6,230
1686,162019,37,7,392
1687,162019,37,8,106
1688,162019,37,9,560
1689,162019,37,10,735
1690,162019,37,11,218
1691,162019,37,12,146
1692,162019,37,13,49
1693,162019,37,14,207
1694,162019,37,15,338
1695,162019,38,1,146
1696,162019,38,2,52
1697,162019,38,3,32
1698,162019,38,4,395
1699,162019,38,5,48
1700,162019,38,6,106
1701,162019,38,7,9
1702,162019,38,8,599
1703,162019,38,9,392
1704,162019,38,10,421
1705,162019,38,11,735
1706,162019,38,12,201
1707,162019,38,13,578
1708,162019,38,14,207
1709,162019,38,15,338
1710,206655,1,1,310
1711,206655,1,2,495
1712,206655,1,3,395
1713,206655,1,4,255
1714,206655,1,5,328
1715,206655,1,6,398
1716,206655,1,7,136
1717,206655,1,8,314
1718,206655,1,9,346
1719,206655,1,10,4
1720,206655,1,11,321
1721,206655,1,12,325
1722,206655,1,13,389
1723,206655,1,14,582
1724,206655,1,15,163
1725,206655,2,1,310
1726,206655,2,2,495
1727,206655,2,3,395
1728,206655,2,4,255
1729,206655,2,5,355
1730,206655,2,6,328
1731,206655,2,7,398
1732,206655,2,8,136
1733,206655,2,9,346
1734,206655,2,10,4
1735,206655,2,11,389
1736,206655,2,12,142
1737,206655,2,13,163
1738,206655,2,14,11
1739,206655,2,15,314
1740,206655,3,1,310
1741,206655,3,2,495
1742,206655,3,3,163
1743,206655,3,4,355
1744,206655,3,5,88
1745,206655,3,6,328
1746,206655,3,7,398
1747,206655,3,8,136
1748,206655,3,9,346
1749,206655,3,10,177
1750,206655,3,11,4
1751,206655,3,12,142
1752,206655,3,13,566
1753,206655,3,14,395
1754,206655,3,15,389
1755,206655,4,1,310
1756,206655,4,2,395
1757,206655,4,3,163
1758,206655,4,4,355
1759,206655,4,5,328
1760,206655,4,6,398
1761,206655,4,7,136
1762,206655,4,8,177
1763,206655,4,9,566
1764,206655,4,10,4
1765,206655,4,11,389
1766,206655,4,12,142
1767,206655,4,13,346
1768,206655,4,14,144
1769,206655,4,15,495
1770,206655,5,1,568
1771,206655,5,2,495
1772,206655,5,3,88
1773,206655,5,4,144
1774,206655,5,5,163
1775,206655,5,6,328
1776,206655,5,7,398
1777,206655,5,8,136
1778,206655,5,9,177
1779,206655,5,10,230
1780,206655,5,11,566
1781,206655,5,12,310
1782,206655,5,13,389
1783,206655,5,14,355
1784,206655,5,15,4
1785,206655,6,1,310
1786,206655,6,2,163
1787,206655,6,3,44
1788,206655,6,4,88
1789,206655,6,5,574
1790,206655,6,6,328
1791,206655,6,7,54
1792,206655,6,8,182
1793,206655,6,9,230
1794,206655,6,10,177
1795,206655,6,11,4
1796,206655,6,12,513
1797,206655,6,13,589
1798,206655,6,14,355
1799,206655,6,15,566
1800,206655,7,1,513
1801,206655,7,2,163
1802,206655,7,3,295
1803,206655,7,4,88
1804,206655,7,5,355
1805,206655,7,6,328
1806,206655,7,7,182
1807,206655,7,8,230
1808,206655,7,9,177
1809,206655,7,10,512
1810,206655,7,11,4
1811,206655,7,12,310
1812,206655,7,13,54
1813,206655,7,14,44
1814,206655,7,15,566
1815,206655,8,1,513
1816,206655,8,2,295
1817,206655,8,3,362
1818,206655,8,4,355
1819,206655,8,5,177
1820,206655,8,6,328
1821,206655,8,7,54
1822,206655,8,8,182
1823,206655,8,9,230
1824,206655,8,10,4
1825,206655,8,11,512
1826,206655,8,12,310
1827,206655,8,13,44
1828,206655,8,14,88
1829,206655,8,15,566
1830,206655,9,1,146
1831,206655,9,2,44
1832,206655,9,3,362
1833,206655,9,4,355
1834,206655,9,5,88
1835,206655,9,6,177
1836,206655,9,7,328
1837,206655,9,8,182
1838,206655,9,9,230
1839,206655,9,10,54
1840,206655,9,11,566
1841,206655,9,12,310
1842,206655,9,13,512
1843,206655,9,14,4
1844,206655,9,15,559
1845,206655,10,1,568
1846,206655,10,2,559
1847,206655,10,3,542
1848,206655,10,4,267
1849,206655,10,5,328
1850,206655,10,6,182
1851,206655,10,7,230
1852,206655,10,8,239
1853,206655,10,9,27
1854,206655,10,10,4
1855,206655,10,11,566
1856,206655,10,12,310
1857,206655,10,13,355
1858,206655,10,14,177
1859,206655,10,15,88
1860,206655,11,1,91
1861,206655,11,2,559
1862,206655,11,3,88
1863,206655,11,4,542
1864,206655,11,5,177
1865,206655,11,6,328
1866,206655,11,7,239
1867,206655,11,8,182
1868,206655,11,9,4
1869,206655,11,10,566
1870,206655,11,11,321
1871,206655,11,12,310
1872,206655,11,13,230
1873,206655,11,14,337
1874,206655,11,15,267
1875,206655,12,1,91
1876,206655,12,2,88
1877,206655,12,3,559
1878,206655,12,4,70
1879,206655,12,5,328
1880,206655,12,6,182
1881,206655,12,7,177
1882,206655,12,8,230
1883,206655,12,9,98
1884,206655,12,10,566
1885,206655,12,11,321
1886,206655,12,12,310
1887,206655,12,13,4
1888,206655,12,14,44
1889,206655,12,15,267
1890,206655,13,1,91
1891,206655,13,2,559
1892,206655,13,3,88
1893,206655,13,4,267
1894,206655,13,5,98
1895,206655,13,6,328
1896,206655,13,7,182
1897,206655,13,8,177
1898,206655,13,9,230
1899,206655,13,10,4
1900,206655,13,11,566
1901,206655,13,12,310
1902,206655,13,13,70
1903,206655,13,14,321
1904,206655,13,15,44
1905,206655,14,1,91
1906,206655,14,2,361
1907,206655,14,3,44
1908,206655,14,4,267
1909,206655,14,5,328
1910,206655,14,6,71
1911,206655,14,7,182
1912,206655,14,8,230
1913,206655,14,9,4
1914,206655,14,10,566
1915,206655,14,11,321
1916,206655,14,12,310
1917,206655,14,13,177
1918,206655,14,14,388
1919,206655,14,15,70
1920,206655,15,1,91
1921,206655,15,2,388
1922,206655,15,3,44
1923,206655,15,4,267
1924,206655,15,5,70
1925,206655,15,6,361
1926,206655,15,7,71
1927,206655,15,8,182
1928,206655,15,9,9
1929,206655,15,10,4
1930,206655,15,11,566
1931,206655,15,12,310
1932,206655,15,13,328
1933,206655,15,14,321
1934,206655,15,15,177
1935,206655,16,1,310
1936,206655,16,2,267
1937,206655,16,3,70
1938,206655,16,4,361
1939,206655,16,5,9
1940,206655,16,6,328
1941,206655,16,7,182
1942,206655,16,8,71
1943,206655,16,9,321
1944,206655,16,10,4
1945,206655,16,11,566
1946,206655,16,12,91
1947,206655,16,13,177
1948,206655,16,14,388
1949,206655,16,15,255
1950,206655,17,1,91
1951,206655,17,2,267
1952,206655,17,3,255
1953,206655,17,4,388
1954,206655,17,5,9
1955,206655,17,6,328
1956,206655,17,7,182
1957,206655,17,8,386
1958,206655,17,9,177
1959,206655,17,10,4
1960,206655,17,11,566
1961,206655,17,12,310
1962,206655,17,13,321
1963,206655,17,14,200
1964,206655,17,15,70
1965,206655,18,1,310
1966,206655,18,2,580
1967,206655,18,3,70
1968,206655,18,4,388
1969,206655,18,5,9
1970,206655,18,6,328
1971,206655,18,7,182
1972,206655,18,8,386
1973,206655,18,9,346
1974,206655,18,10,4
1975,206655,18,11,321
1976,206655,18,12,91
1977,206655,18,13,566
1978,206655,18,14,200
1979,206655,18,15,255
1980,206655,19,1,310
1981,206655,19,2,388
1982,206655,19,3,580
1983,206655,19,4,70
1984,206655,19,5,255
1985,206655,19,6,328
1986,206655,19,7,386
1987,206655,19,8,182
1988,206655,19,9,9
1989,206655,19,10,566
1990,206655,19,11,321
1991,206655,19,12,152
1992,206655,19,13,346
1993,206655,19,14,200
1994,206655,19,15,4
1995,206655,20,1,310
1996,206655,20,2,255
1997,206655,20,3,580
1998,206655,20,4,70
1999,206655,20,5,200
2000,206655,20,6,328
2001,206655,20,7,182
2002,206655,20,8,386
2003,206655,20,9,9
2004,206655,20,10,566
2005,206655,20,11,321
2006,206655,20,12,152
2007,206655,20,13,346
2008,206655,20,14,4
2009,206655,20,15,369
2010,206655,21,1,310
2011,206655,21,2,200
2012,206655,21,3,594
2013,206655,21,4,380
2014,206655,21,5,255
2015,206655,21,6,328
2016,206655,21,7,386
2017,206655,21,8,182
2018,206655,21,9,9
2019,206655,21,10,4
2020,206655,21,11,321
2021,206655,21,12,152
2022,206655,21,13,346
2023,206655,21,14,566
2024,206655,21,15,70
2025,206655,22,1,310
2026,206655,22,2,70
2027,206655,22,3,200
2028,206655,22,4,255
2029,206655,22,5,9
2030,206655,22,6,328
2031,206655,22,7,182
2032,206655,22,8,386
2033,206655,22,9,247
2034,206655,22,10,4
2035,206655,22,11,321
2036,206655,22,12,152
2037,206655,22,13,566
2038,206655,22,14,44
2039,206655,22,15,36
2040,206655,23,1,310
2041,206655,23,2,200
2042,206655,23,3,255
2043,206655,23,4,36
2044,206655,23,5,44
2045,206655,23,6,336
2046,206655,23,7,9
2047,206655,23,8,328
2048,206655,23,9,182
2049,206655,23,10,4
2050,206655,23,11,321
2051,206655,23,12,152
2052,206655,23,13,70
2053,206655,23,14,181
2054,206655,23,15,566
2055,206655,24,1,310
2056,206655,24,2,255
2057,206655,24,3,36
2058,206655,24,4,44
2059,206655,24,5,585
2060,206655,24,6,336
2061,206655,24,7,9
2062,206655,24,8,328
2063,206655,24,9,182
2064,206655,24,10,4
2065,206655,24,11,321
2066,206655,24,12,152
2067,206655,24,13,200
2068,206655,24,14,70
2069,206655,24,15,566
2070,206655,25,1,310
2071,206655,25,2,200
2072,206655,25,3,36
2073,206655,25,4,255
2074,206655,25,5,70
2075,206655,25,6,328
2076,206655,25,7,186
2077,206655,25,8,182
2078,206655,25,9,336
2079,206655,25,10,742
2080,206655,25,11,470
2081,206655,25,12,152
2082,206655,25,13,321
2083,206655,25,14,24
2084,206655,25,15,566
2085,206655,26,1,152
2086,206655,26,2,255
2087,206655,26,3,24
2088,206655,26,4,70
2089,206655,26,5,99
2090,206655,26,6,135
2091,206655,26,7,182
2092,206655,26,8,742
2093,206655,26,9,336
2094,206655,26,10,470
2095,206655,26,11,321
2096,206655,26,12,310
2097,206655,26,13,351
2098,206655,26,14,369
2099,206655,26,15,200
2100,206655,27,1,310
2101,206655,27,2,255
2102,206655,27,3,70
2103,206655,27,4,369
2104,206655,27,5,742
2105,206655,27,6,99
2106,206655,27,7,182
2107,206655,27,8,135
2108,206655,27,9,336
2109,206655,27,10,321
2110,206655,27,11,351
2111,206655,27,12,152
2112,206655,27,13,24
2113,206655,27,14,200
2114,206655,27,15,470
2115,206655,28,1,310
2116,206655,28,2,200
2117,206655,28,3,255
2118,206655,28,4,70
2119,206655,28,5,236
2120,206655,28,6,732
2121,206655,28,7,99
2122,206655,28,8,135
2123,206655,28,9,182
2124,206655,28,10,336
2125,206655,28,11,351
2126,206655,28,12,152
2127,206655,28,13,742
2128,206655,28,14,321
2129,206655,28,15,470
2130,206655,29,1,152
2131,206655,29,2,236
2132,206655,29,3,255
2133,206655,29,4,732
2134,206655,29,5,70
2135,206655,29,6,369
2136,206655,29,7,99
2137,206655,29,8,135
2138,206655,29,9,74
2139,206655,29,10,470
2140,206655,29,11,351
2141,206655,29,12,310
2142,206655,29,13,182
2143,206655,29,14,402
2144,206655,29,15,321
2145,206655,30,1,152
2146,206655,30,2,395
2147,206655,30,3,36
2148,206655,30,4,70
2149,206655,30,5,255
2150,206655,30,6,99
2151,206655,30,7,182
2152,206655,30,8,402
2153,206655,30,9,74
2154,206655,30,10,470
2155,206655,30,11,321
2156,206655,30,12,310
2157,206655,30,13,135
2158,206655,30,14,732
2159,206655,30,15,351
2160,206655,31,1,152
2161,206655,31,2,395
2162,206655,31,3,255
2163,206655,31,4,70
2164,206655,31,5,99
2165,206655,31,6,135
2166,206655,31,7,182
2167,206655,31,8,402
2168,206655,31,9,317
2169,206655,31,10,470
2170,206655,31,11,321
2171,206655,31,12,310
2172,206655,31,13,36
2173,206655,31,14,351
2174,206655,31,15,732
2175,206655,32,1,310
2176,206655,32,2,395
2177,206655,32,3,255
2178,206655,32,4,70
2179,206655,32,5,99
2180,206655,32,6,135
2181,206655,32,7,182
2182,206655,32,8,402
2183,206655,32,9,317
2184,206655,32,10,470
2185,206655,32,11,321
2186,206655,32,12,185
2187,206655,32,13,36
2188,206655,32,14,351
2189,206655,32,15,732
2190,206655,33,1,310
2191,206655,33,2,36
2192,206655,33,3,524
2193,206655,33,4,70
2194,206655,33,5,99
2195,206655,33,6,23
2196,206655,33,7,182
2197,206655,33,8,742
2198,206655,33,9,317
2199,206655,33,10,470
2200,206655,33,11,321
2201,206655,33,12,185
2202,206655,33,13,355
2203,206655,33,14,306
2204,206655,33,15,255
2205,206655,34,1,152
2206,206655,34,2,582
2207,206655,34,3,219
2208,206655,34,4,70
2209,206655,34,5,99
2210,206655,34,6,182
2211,206655,34,7,394
2212,206655,34,8,317
2213,206655,34,9,470
2214,206655,34,10,306
2215,206655,34,11,321
2216,206655,34,12,310
2217,206655,34,13,23
2218,206655,34,14,337
2219,206655,34,15,255
2220,206655,35,1,310
2221,206655,35,2,582
2222,206655,35,3,219
2223,206655,35,4,44
2224,206655,35,5,394
2225,206655,35,6,99
2226,206655,35,7,23
2227,206655,35,8,182
2228,206655,35,9,589
2229,206655,35,10,306
2230,206655,35,11,321
2231,206655,35,12,152
2232,206655,35,13,495
2233,206655,35,14,494
2234,206655,35,15,255
2235,206655,36,1,310
2236,206655,36,2,495
2237,206655,36,3,219
2238,206655,36,4,44
2239,206655,36,5,168
2240,206655,36,6,99
2241,206655,36,7,182
2242,206655,36,8,259
2243,206655,36,9,589
2244,206655,36,10,306
2245,206655,36,11,321
2246,206655,36,12,152
2247,206655,36,13,255
2248,206655,36,14,23
2249,206655,36,15,582
2250,206655,37,1,310
2251,206655,37,2,582
2252,206655,37,3,44
2253,206655,37,4,219
2254,206655,37,5,99
2255,206655,37,6,23
2256,206655,37,7,182
2257,206655,37,8,336
2258,206655,37,9,589
2259,206655,37,10,306
2260,206655,37,11,321
2261,206655,37,12,152
2262,206655,37,13,348
2263,206655,37,14,335
2264,206655,37,15,495
2265,206655,38,1,310
2266,206655,38,2,335
2267,206655,38,3,326
2268,206655,38,4,44
2269,206655,38,5,336
2270,206655,38,6,23
2271,206655,38,7,99
2272,206655,38,8,182
2273,206655,38,9,348
2274,206655,38,10,321
2275,206655,38,11,566
2276,206655,38,12,152
2277,206655,38,13,589
2278,206655,38,14,495
2279,206655,38,15,582
2280,281930,1,1,383
2281,281930,1,2,236
2282,281930,1,3,505
2283,281930,1,4,415
2284,281930,1,5,17
2285,281930,1,6,366
2286,281930,1,7,199
2287,281930,1,8,16
2288,281930,1,9,433
2289,281930,1,10,198
2290,281930,1,11,453
2291,281930,1,12,91
2292,281930,1,13,375
2293,281930,1,14,210
2294,281930,1,15,267
2295,281930,2,1,383
2296,281930,2,2,236
2297,281930,2,3,505
2298,281930,2,4,210
2299,281930,2,5,17
2300,281930,2,6,366
2301,281930,2,7,199
2302,281930,2,8,16
2303,281930,2,9,433
2304,281930,2,10,148
2305,281930,2,11,453
2306,281930,2,12,91
2307,281930,2,13,375
2308,281930,2,14,36
2309,281930,2,15,267
2310,281930,3,1,91
2311,281930,3,2,236
2312,281930,3,3,36
2313,281930,3,4,267
2314,281930,3,5,17
2315,281930,3,6,366
2316,281930,3,7,199
2317,281930,3,8,16
2318,281930,3,9,433
2319,281930,3,10,148
2320,281930,3,11,453
2321,281930,3,12,383
2322,281930,3,13,375
2323,281930,3,14,505
2324,281930,3,15,210
2325,281930,4,1,383
2326,281930,4,2,210
2327,281930,4,3,36
2328,281930,4,4,267
2329,281930,4,5,17
2330,281930,4,6,366
2331,281930,4,7,199
2332,281930,4,8,53
2333,281930,4,9,433
2334,281930,4,10,148
2335,281930,4,11,268
2336,281930,4,12,91
2337,281930,4,13,375
2338,281930,4,14,505
2339,281930,4,15,236
2340,281930,5,1,383
2341,281930,5,2,505
2342,281930,5,3,36
2343,281930,5,4,267
2344,281930,5,5,17
2345,281930,5,6,366
2346,281930,5,7,199
2347,281930,5,8,433
2348,281930,5,9,375
2349,281930,5,10,148
2350,281930,5,11,268
2351,281930,5,12,91
2352,281930,5,13,16
2353,281930,5,14,210
2354,281930,5,15,236
2355,281930,6,1,91
2356,281930,6,2,236
2357,281930,6,3,36
2358,281930,6,4,505
2359,281930,6,5,17
2360,281930,6,6,366
2361,281930,6,7,199
2362,281930,6,8,16
2363,281930,6,9,375
2364,281930,6,10,252
2365,281930,6,11,148
2366,281930,6,12,383
2367,281930,6,13,433
2368,281930,6,14,105
2369,281930,6,15,210
2370,281930,7,1,91
2371,281930,7,2,236
2372,281930,7,3,505
2373,281930,7,4,104
2374,281930,7,5,17
2375,281930,7,6,366
2376,281930,7,7,199
2377,281930,7,8,16
2378,281930,7,9,433
2379,281930,7,10,148
2380,281930,7,11,252
2381,281930,7,12,383
2382,281930,7,13,375
2383,281930,7,14,36
2384,281930,7,15,210
2385,281930,8,1,383
2386,281930,8,2,236
2387,281930,8,3,505
2388,281930,8,4,574
2389,281930,8,5,36
2390,281930,8,6,366
2391,281930,8,7,199
2392,281930,8,8,349
2393,281930,8,9,375
2394,281930,8,10,252
2395,281930,8,11,148
2396,281930,8,12,91
2397,281930,8,13,17
2398,281930,8,14,433
2399,281930,8,15,104
2400,281930,9,1,91
2401,281930,9,2,236
2402,281930,9,3,36
2403,281930,9,4,104
2404,281930,9,5,505
2405,281930,9,6,366
2406,281930,9,7,199
2407,281930,9,8,57
2408,281930,9,9,252
2409,281930,9,10,148
2410,281930,9,11,375
2411,281930,9,12,383
2412,281930,9,13,17
2413,281930,9,14,574
2414,281930,9,15,433
2415,281930,10,1,383
2416,281930,10,2,236
2417,281930,10,3,505
2418,281930,10,4,36
2419,281930,10,5,172
2420,281930,10,6,17
2421,281930,10,7,366
2422,281930,10,8,423
2423,281930,10,9,375
2424,281930,10,10,252
2425,281930,10,11,148
2426,281930,10,12,204
2427,281930,10,13,199
2428,281930,10,14,104
2429,281930,10,15,433
2430,281930,11,1,383
2431,281930,11,2,564
2432,281930,11,3,172
2433,281930,11,4,505
2434,281930,11,5,433
2435,281930,11,6,366
2436,281930,11,7,423
2437,281930,11,8,17
2438,281930,11,9,252
2439,281930,11,10,148
2440,281930,11,11,375
2441,281930,11,12,204
2442,281930,11,13,199
2443,281930,11,14,236
2444,281930,11,15,36
2445,281930,12,1,383
2446,281930,12,2,36
2447,281930,12,3,404
2448,281930,12,4,313
2449,281930,12,5,236
2450,281930,12,6,17
2451,281930,12,7,366
2452,281930,12,8,403
2453,281930,12,9,375
2454,281930,12,10,252
2455,281930,12,11,148
2456,281930,12,12,204
2457,281930,12,13,433
2458,281930,12,14,505
2459,281930,12,15,199
2460,281930,13,1,383
2461,281930,13,2,505
2462,281930,13,3,36
2463,281930,13,4,520
2464,281930,13,5,236
2465,281930,13,6,17
2466,281930,13,7,366
2467,281930,13,8,553
2468,281930,13,9,433
2469,281930,13,10,252
2470,281930,13,11,148
2471,281930,13,12,554
2472,281930,13,13,375
2473,281930,13,14,313
2474,281930,13,15,199
2475,281930,14,1,383
2476,281930,14,2,236
2477,281930,14,3,505
2478,281930,14,4,520
2479,281930,14,5,200
2480,281930,14,6,17
2481,281930,14,7,366
2482,281930,14,8,199
2483,281930,14,9,346
2484,281930,14,10,252
2485,281930,14,11,375
2486,281930,14,12,554
2487,281930,14,13,148
2488,281930,14,14,32
2489,281930,14,15,553
2490,281930,15,1,383
2491,281930,15,2,120
2492,281930,15,3,363
2493,281930,15,4,520
2494,281930,15,5,17
2495,281930,15,6,366
2496,281930,15,7,199
2497,281930,15,8,553
2498,281930,15,9,346
2499,281930,15,10,375
2500,281930,15,11,148
2501,281930,15,12,358
2502,281930,15,13,252
2503,281930,15,14,32
2504,281930,15,15,505
2505,281930,16,1,396
2506,281930,16,2,120
2507,281930,16,3,505
2508,281930,16,4,399
2509,281930,16,5,32
2510,281930,16,6,17
2511,281930,16,7,366
2512,281930,16,8,199
2513,281930,16,9,394
2514,281930,16,10,157
2515,281930,16,11,375
2516,281930,16,12,383
2517,281930,16,13,148
2518,281930,16,14,252
2519,281930,16,15,363
2520,281930,17,1,396
2521,281930,17,2,238
2522,281930,17,3,520
2523,281930,17,4,399
2524,281930,17,5,32
2525,281930,17,6,366
2526,281930,17,7,17
2527,281930,17,8,394
2528,281930,17,9,453
2529,281930,17,10,252
2530,281930,17,11,375
2531,281930,17,12,383
2532,281930,17,13,199
2533,281930,17,14,157
2534,281930,17,15,505
2535,281930,18,1,383
2536,281930,18,2,340
2537,281930,18,3,520
2538,281930,18,4,399
2539,281930,18,5,199
2540,281930,18,6,366
2541,281930,18,7,16
2542,281930,18,8,394
2543,281930,18,9,157
2544,281930,18,10,453
2545,281930,18,11,375
2546,281930,18,12,396
2547,281930,18,13,252
2548,281930,18,14,505
2549,281930,18,15,32
2550,281930,19,1,383
2551,281930,19,2,505
2552,281930,19,3,231
2553,281930,19,4,650
2554,281930,19,5,199
2555,281930,19,6,16
2556,281930,19,7,394
2557,281930,19,8,354
2558,281930,19,9,252
2559,281930,19,10,453
2560,281930,19,11,375
2561,281930,19,12,396
2562,281930,19,13,366
2563,281930,19,14,340
2564,281930,19,15,399
2565,281930,20,1,396
2566,281930,20,2,340
2567,281930,20,3,231
2568,281930,20,4,191
2569,281930,20,5,199
2570,281930,20,6,259
2571,281930,20,7,394
2572,281930,20,8,354
2573,281930,20,9,366
2574,281930,20,10,252
2575,281930,20,11,453
2576,281930,20,12,383
2577,281930,20,13,375
2578,281930,20,14,399
2579,281930,20,15,650
2580,281930,21,1,383
2581,281930,21,2,172
2582,281930,21,3,650
2583,281930,21,4,399
2584,281930,21,5,199
2585,281930,21,6,259
2586,281930,21,7,394
2587,281930,21,8,298
2588,281930,21,9,366
2589,281930,21,10,252
2590,281930,21,11,375
2591,281930,21,12,396
2592,281930,21,13,38
2593,281930,21,14,231
2594,281930,21,15,340
2595,281930,22,1,396
2596,281930,22,2,172
2597,281930,22,3,340
2598,281930,22,4,399
2599,281930,22,5,199
2600,281930,22,6,217
2601,281930,22,7,394
2602,281930,22,8,434
2603,281930,22,9,366
2604,281930,22,10,252
2605,281930,22,11,375
2606,281930,22,12,383
2607,281930,22,13,38
2608,281930,22,14,231
2609,281930,22,15,650
2610,281930,23,1,396
2611,281930,23,2,32
2612,281930,23,3,650
2613,281930,23,4,399
2614,281930,23,5,172
2615,281930,23,6,74
2616,281930,23,7,366
2617,281930,23,8,199
2618,281930,23,9,394
2619,281930,23,10,375
2620,281930,23,11,252
2621,281930,23,12,383
2622,281930,23,13,494
2623,281930,23,14,38
2624,281930,23,15,231
2625,281930,24,1,383
2626,281930,24,2,172
2627,281930,24,3,399
2628,281930,24,4,231
2629,281930,24,5,199
2630,281930,24,6,74
2631,281930,24,7,577
2632,281930,24,8,366
2633,281930,24,9,252
2634,281930,24,10,218
2635,281930,24,11,375
2636,281930,24,12,396
2637,281930,24,13,45
2638,281930,24,14,650
2639,281930,24,15,494
2640,281930,25,1,383
2641,281930,25,2,172
2642,281930,25,3,650
2643,281930,25,4,520
2644,281930,25,5,199
2645,281930,25,6,74
2646,281930,25,7,323
2647,281930,25,8,366
2648,281930,25,9,12
2649,281930,25,10,252
2650,281930,25,11,218
2651,281930,25,12,396
2652,281930,25,13,231
2653,281930,25,14,399
2654,281930,25,15,82
2655,281930,26,1,383
2656,281930,26,2,131
2657,281930,26,3,244
2658,281930,26,4,231
2659,281930,26,5,74
2660,281930,26,6,366
2661,281930,26,7,199
2662,281930,26,8,16
2663,281930,26,9,12
2664,281930,26,10,252
2665,281930,26,11,218
2666,281930,26,12,396
2667,281930,26,13,172
2668,281930,26,14,399
2669,281930,26,15,82
2670,281930,27,1,383
2671,281930,27,2,131
2672,281930,27,3,231
2673,281930,27,4,678
2674,281930,27,5,74
2675,281930,27,6,366
2676,281930,27,7,199
2677,281930,27,8,560
2678,281930,27,9,12
2679,281930,27,10,252
2680,281930,27,11,218
2681,281930,27,12,513
2682,281930,27,13,172
2683,281930,27,14,399
2684,281930,27,15,82
2685,281930,28,1,513
2686,281930,28,2,437
2687,281930,28,3,409
2688,281930,28,4,231
2689,281930,28,5,585
2690,281930,28,6,366
2691,281930,28,7,199
2692,281930,28,8,560
2693,281930,28,9,12
2694,281930,28,10,252
2695,281930,28,11,218
2696,281930,28,12,383
2697,281930,28,13,172
2698,281930,28,14,678
2699,281930,28,15,82
2700,281930,29,1,383
2701,281930,29,2,437
2702,281930,29,3,594
2703,281930,29,4,231
2704,281930,29,5,267
2705,281930,29,6,12
2706,281930,29,7,366
2707,281930,29,8,434
2708,281930,29,9,82
2709,281930,29,10,252
2710,281930,29,11,218
2711,281930,29,12,513
2712,281930,29,13,409
2713,281930,29,14,199
2714,281930,29,15,560
2715,281930,30,1,383
2716,281930,30,2,160
2717,281930,30,3,355
2718,281930,30,4,409
2719,281930,30,5,418
2720,281930,30,6,403
2721,281930,30,7,366
2722,281930,30,8,199
2723,281930,30,9,560
2724,281930,30,10,394
2725,281930,30,11,82
2726,281930,30,12,513
2727,281930,30,13,437
2728,281930,30,14,218
2729,281930,30,15,252
2730,281930,31,1,513
2731,281930,31,2,8
2732,281930,31,3,437
2733,281930,31,4,409
2734,281930,31,5,418
2735,281930,31,6,403
2736,281930,31,7,366
2737,281930,31,8,199
2738,281930,31,9,560
2739,281930,31,10,394
2740,281930,31,11,82
2741,281930,31,12,383
2742,281930,31,13,120
2743,281930,31,14,218
2744,281930,31,15,252
2745,281930,32,1,513
2746,281930,32,2,120
2747,281930,32,3,418
2748,281930,32,4,409
2749,281930,32,5,8
2750,281930,32,6,394
2751,281930,32,7,366
2752,281930,32,8,199
2753,281930,32,9,345
2754,281930,32,10,403
2755,281930,32,11,82
2756,281930,32,12,383
2757,281930,32,13,437
2758,281930,32,14,218
2759,281930,32,15,251
2760,281930,33,1,513
2761,281930,33,2,8
2762,281930,33,3,409
2763,281930,33,4,369
2764,281930,33,5,345
2765,281930,33,6,525
2766,281930,33,7,366
2767,281930,33,8,199
2768,281930,33,9,354
2769,281930,33,10,375
2770,281930,33,11,82
2771,281930,33,12,383
2772,281930,33,13,251
2773,281930,33,14,418
2774,281930,33,15,437
2775,281930,34,1,554
2776,281930,34,2,241
2777,281930,34,3,409
2778,281930,34,4,120
2779,281930,34,5,418
2780,281930,34,6,525
2781,281930,34,7,366
2782,281930,34,8,240
2783,281930,34,9,136
2784,281930,34,10,375
2785,281930,34,11,82
2786,281930,34,12,383
2787,281930,34,13,437
2788,281930,34,14,345
2789,281930,34,15,27
2790,281930,35,1,304
2791,281930,35,2,305
2792,281930,35,3,418
2793,281930,35,4,422
2794,281930,35,5,437
2795,281930,35,6,409
2796,281930,35,7,101
2797,281930,35,8,348
2798,281930,35,9,345
2799,281930,35,10,525
2800,281930,35,11,156
2801,281930,35,12,383
2802,281930,35,13,375
2803,281930,35,14,366
2804,281930,35,15,82
2805,281930,36,1,554
2806,281930,36,2,437
2807,281930,36,3,737
2808,281930,36,4,422
2809,281930,36,5,409
2810,281930,36,6,101
2811,281930,36,7,366
2812,281930,36,8,136
2813,281930,36,9,345
2814,281930,36,10,121
2815,281930,36,11,375
2816,281930,36,12,383
2817,281930,36,13,82
2818,281930,36,14,497
2819,281930,36,15,418
2820,281930,37,1,383
2821,281930,37,2,45
2822,281930,37,3,737
2823,281930,37,4,238
2824,281930,37,5,635
2825,281930,37,6,366
2826,281930,37,7,223
2827,281930,37,8,101
2828,281930,37,9,345
2829,281930,37,10,82
2830,281930,37,11,375
2831,281930,37,12,554
2832,281930,37,13,11
2833,281930,37,14,422
2834,281930,37,15,409
2835,281930,38,1,513
2836,281930,38,2,409
2837,281930,38,3,81
2838,281930,38,4,8
2839,281930,38,5,422
2840,281930,38,6,633
2841,281930,38,7,366
2842,281930,38,8,83
2843,281930,38,9,324
2844,281930,38,10,345
2845,281930,38,11,82
2846,281930,38,12,383
2847,281930,38,13,45
2848,281930,38,14,11
2849,281930,38,15,375
2850,165434,1,1,513
2851,165434,1,2,171
2852,165434,1,3,25
2853,165434,1,4,369
2854,165434,1,5,503
2855,165434,1,6,181
2856,165434,1,7,571
2857,165434,1,8,99
2858,165434,1,9,9
2859,165434,1,10,82
2860,165434,1,11,110
2861,165434,1,12,185
2862,165434,1,13,180
2863,165434,1,14,418
2864,165434,1,15,362
2865,165434,2,1,185
2866,165434,2,2,200
2867,165434,2,3,171
2868,165434,2,4,369
2869,165434,2,5,503
2870,165434,2,6,181
2871,165434,2,7,571
2872,165434,2,8,99
2873,165434,2,9,9
2874,165434,2,10,110
2875,165434,2,11,180
2876,165434,2,12,513
2877,165434,2,13,25
2878,165434,2,14,82
2879,165434,2,15,418
2880,165434,3,1,185
2881,165434,3,2,50
2882,165434,3,3,79
2883,165434,3,4,6
2884,165434,3,5,171
2885,165434,3,6,503
2886,165434,3,7,611
2887,165434,3,8,99
2888,165434,3,9,9
2889,165434,3,10,180
2890,165434,3,11,110
2891,165434,3,12,513
2892,165434,3,13,82
2893,165434,3,14,571
2894,165434,3,15,369
2895,165434,4,1,513
2896,165434,4,2,369
2897,165434,4,3,211
2898,165434,4,4,596
2899,165434,4,5,571
2900,165434,4,6,503
2901,165434,4,7,99
2902,165434,4,8,611
2903,165434,4,9,82
2904,165434,4,10,110
2905,165434,4,11,180
2906,165434,4,12,185
2907,165434,4,13,415
2908,165434,4,14,9
2909,165434,4,15,6
2910,165434,5,1,325
2911,165434,5,2,415
2912,165434,5,3,436
2913,165434,5,4,6
2914,165434,5,5,369
2915,165434,5,6,503
2916,165434,5,7,571
2917,165434,5,8,99
2918,165434,5,9,82
2919,165434,5,10,180
2920,165434,5,11,321
2921,165434,5,12,185
2922,165434,5,13,596
2923,165434,5,14,360
2924,165434,5,15,9
2925,165434,6,1,185
2926,165434,6,2,436
2927,165434,6,3,6
2928,165434,6,4,369
2929,165434,6,5,415
2930,165434,6,6,571
2931,165434,6,7,99
2932,165434,6,8,9
2933,165434,6,9,82
2934,165434,6,10,180
2935,165434,6,11,321
2936,165434,6,12,73
2937,165434,6,13,503
2938,165434,6,14,533
2939,165434,6,15,298
2940,165434,7,1,185
2941,165434,7,2,415
2942,165434,7,3,436
2943,165434,7,4,533
2944,165434,7,5,369
2945,165434,7,6,298
2946,165434,7,7,99
2947,165434,7,8,9
2948,165434,7,9,268
2949,165434,7,10,82
2950,165434,7,11,180
2951,165434,7,12,293
2952,165434,7,13,503
2953,165434,7,14,6
2954,165434,7,15,571
2955,165434,8,1,293
2956,165434,8,2,415
2957,165434,8,3,436
2958,165434,8,4,533
2959,165434,8,5,369
2960,165434,8,6,298
2961,165434,8,7,503
2962,165434,8,8,99
2963,165434,8,9,82
2964,165434,8,10,180
2965,165434,8,11,268
2966,165434,8,12,185
2967,165434,8,13,6
2968,165434,8,14,9
2969,165434,8,15,571
2970,165434,9,1,293
2971,165434,9,2,436
2972,165434,9,3,6
2973,165434,9,4,533
2974,165434,9,5,9
2975,165434,9,6,239
2976,165434,9,7,571
2977,165434,9,8,99
2978,165434,9,9,82
2979,165434,9,10,180
2980,165434,9,11,268
2981,165434,9,12,185
2982,165434,9,13,503
2983,165434,9,14,369
2984,165434,9,15,415
2985,165434,10,1,508
2986,165434,10,2,533
2987,165434,10,3,340
2988,165434,10,4,369
2989,165434,10,5,9
2990,165434,10,6,54
2991,165434,10,7,99
2992,165434,10,8,503
2993,165434,10,9,180
2994,165434,10,10,82
2995,165434,10,11,268
2996,165434,10,12,185
2997,165434,10,13,571
2998,165434,10,14,6
2999,165434,10,15,415
3000,165434,11,1,508
3001,165434,11,2,533
3002,165434,11,3,415
3003,165434,11,4,369
3004,165434,11,5,9
3005,165434,11,6,571
3006,165434,11,7,99
3007,165434,11,8,503
3008,165434,11,9,54
3009,165434,11,10,180
3010,165434,11,11,82
3011,165434,11,12,185
3012,165434,11,13,268
3013,165434,11,14,340
3014,165434,11,15,6
3015,165434,12,1,185
3016,165434,12,2,415
3017,165434,12,3,6
3018,165434,12,4,533
3019,165434,12,5,369
3020,165434,12,6,503
3021,165434,12,7,54
3022,165434,12,8,571
3023,165434,12,9,99
3024,165434,12,10,268
3025,165434,12,11,180
3026,165434,12,12,152
3027,165434,12,13,9
3028,165434,12,14,82
3029,165434,12,15,340
3030,165434,13,1,185
3031,165434,13,2,415
3032,165434,13,3,6
3033,165434,13,4,533
3034,165434,13,5,369
3035,165434,13,6,387
3036,165434,13,7,503
3037,165434,13,8,54
3038,165434,13,9,99
3039,165434,13,10,180
3040,165434,13,11,268
3041,165434,13,12,152
3042,165434,13,13,9
3043,165434,13,14,82
3044,165434,13,15,571
3045,165434,14,1,185
3046,165434,14,2,415
3047,165434,14,3,6
3048,165434,14,4,533
3049,165434,14,5,503
3050,165434,14,6,54
3051,165434,14,7,99
3052,165434,14,8,168
3053,165434,14,9,364
3054,165434,14,10,82
3055,165434,14,11,268
3056,165434,14,12,51
3057,165434,14,13,180
3058,165434,14,14,322
3059,165434,14,15,369
3060,165434,15,1,521
3061,165434,15,2,369
3062,165434,15,3,415
3063,165434,15,4,6
3064,165434,15,5,364
3065,165434,15,6,99
3066,165434,15,7,503
3067,165434,15,8,54
3068,165434,15,9,268
3069,165434,15,10,82
3070,165434,15,11,180
3071,165434,15,12,185
3072,165434,15,13,322
3073,165434,15,14,168
3074,165434,15,15,533
3075,165434,16,1,185
3076,165434,16,2,533
3077,165434,16,3,415
3078,165434,16,4,6
3079,165434,16,5,322
3080,165434,16,6,168
3081,165434,16,7,99
3082,165434,16,8,503
3083,165434,16,9,54
3084,165434,16,10,82
3085,165434,16,11,180
3086,165434,16,12,521
3087,165434,16,13,107
3088,165434,16,14,364
3089,165434,16,15,369
3090,165434,17,1,185
3091,165434,17,2,369
3092,165434,17,3,415
3093,165434,17,4,6
3094,165434,17,5,364
3095,165434,17,6,168
3096,165434,17,7,99
3097,165434,17,8,503
3098,165434,17,9,54
3099,165434,17,10,82
3100,165434,17,11,180
3101,165434,17,12,521
3102,165434,17,13,107
3103,165434,17,14,574
3104,165434,17,15,322
3105,165434,18,1,185
3106,165434,18,2,322
3107,165434,18,3,6
3108,165434,18,4,415
3109,165434,18,5,503
3110,165434,18,6,54
3111,165434,18,7,364
3112,165434,18,8,99
3113,165434,18,9,168
3114,165434,18,10,82
3115,165434,18,11,180
3116,165434,18,12,521
3117,165434,18,13,268
3118,165434,18,14,363
3119,165434,18,15,574
3120,165434,19,1,14
3121,165434,19,2,6
3122,165434,19,3,574
3123,165434,19,4,244
3124,165434,19,5,494
3125,165434,19,6,54
3126,165434,19,7,99
3127,165434,19,8,168
3128,165434,19,9,351
3129,165434,19,10,180
3130,165434,19,11,268
3131,165434,19,12,185
3132,165434,19,13,364
3133,165434,19,14,415
3134,165434,19,15,322
3135,165434,20,1,14
3136,165434,20,2,36
3137,165434,20,3,574
3138,165434,20,4,244
3139,165434,20,5,28
3140,165434,20,6,168
3141,165434,20,7,99
3142,165434,20,8,494
3143,165434,20,9,268
3144,165434,20,10,351
3145,165434,20,11,180
3146,165434,20,12,185
3147,165434,20,13,415
3148,165434,20,14,54
3149,165434,20,15,6
3150,165434,21,1,185
3151,165434,21,2,6
3152,165434,21,3,393
3153,165434,21,4,574
3154,165434,21,5,54
3155,165434,21,6,402
3156,165434,21,7,99
3157,165434,21,8,168
3158,165434,21,9,351
3159,165434,21,10,180
3160,165434,21,11,268
3161,165434,21,12,717
3162,165434,21,13,494
3163,165434,21,14,415
3164,165434,21,15,236
3165,165434,22,1,185
3166,165434,22,2,415
3167,165434,22,3,393
3168,165434,22,4,574
3169,165434,22,5,527
3170,165434,22,6,402
3171,165434,22,7,99
3172,165434,22,8,54
3173,165434,22,9,351
3174,165434,22,10,180
3175,165434,22,11,268
3176,165434,22,12,717
3177,165434,22,13,168
3178,165434,22,14,6
3179,165434,22,15,236
3180,165434,23,1,717
3181,165434,23,2,574
3182,165434,23,3,236
3183,165434,23,4,415
3184,165434,23,5,6
3185,165434,23,6,402
3186,165434,23,7,54
3187,165434,23,8,99
3188,165434,23,9,268
3189,165434,23,10,351
3190,165434,23,11,180
3191,165434,23,12,185
3192,165434,23,13,17
3193,165434,23,14,343
3194,165434,23,15,582
3195,165434,24,1,581
3196,165434,24,2,415
3197,165434,24,3,582
3198,165434,24,4,159
3199,165434,24,5,236
3200,165434,24,6,54
3201,165434,24,7,317
3202,165434,24,8,99
3203,165434,24,9,351
3204,165434,24,10,180
3205,165434,24,11,268
3206,165434,24,12,185
3207,165434,24,13,17
3208,165434,24,14,343
3209,165434,24,15,6
3210,165434,25,1,581
3211,165434,25,2,194
3212,165434,25,3,236
3213,165434,25,4,6
3214,165434,25,5,49
3215,165434,25,6,748
3216,165434,25,7,317
3217,165434,25,8,54
3218,165434,25,9,99
3219,165434,25,10,268
3220,165434,25,11,351
3221,165434,25,12,508
3222,165434,25,13,17
3223,165434,25,14,415
3224,165434,25,15,180
3225,165434,26,1,508
3226,165434,26,2,415
3227,165434,26,3,49
3228,165434,26,4,6
3229,165434,26,5,194
3230,165434,26,6,236
3231,165434,26,7,748
3232,165434,26,8,54
3233,165434,26,9,328
3234,165434,26,10,566
3235,165434,26,11,268
3236,165434,26,12,581
3237,165434,26,13,17
3238,165434,26,14,317
3239,165434,26,15,375
3240,165434,27,1,581
3241,165434,27,2,543
3242,165434,27,3,6
3243,165434,27,4,194
3244,165434,27,5,750
3245,165434,27,6,317
3246,165434,27,7,181
3247,165434,27,8,328
3248,165434,27,9,566
3249,165434,27,10,375
3250,165434,27,11,268
3251,165434,27,12,508
3252,165434,27,13,17
3253,165434,27,14,567
3254,165434,27,15,415
3255,165434,28,1,508
3256,165434,28,2,6
3257,165434,28,3,194
3258,165434,28,4,567
3259,165434,28,5,750
3260,165434,28,6,181
3261,165434,28,7,317
3262,165434,28,8,328
3263,165434,28,9,566
3264,165434,28,10,251
3265,165434,28,11,268
3266,165434,28,12,581
3267,165434,28,13,17
3268,165434,28,14,543
3269,165434,28,15,415
3270,165434,29,1,508
3271,165434,29,2,567
3272,165434,29,3,6
3273,165434,29,4,582
3274,165434,29,5,219
3275,165434,29,6,83
3276,165434,29,7,525
3277,165434,29,8,181
3278,165434,29,9,389
3279,165434,29,10,566
3280,165434,29,11,268
3281,165434,29,12,47
3282,165434,29,13,543
3283,165434,29,14,17
3284,165434,29,15,328
3285,165434,30,1,47
3286,165434,30,2,543
3287,165434,30,3,6
3288,165434,30,4,567
3289,165434,30,5,54
3290,165434,30,6,346
3291,165434,30,7,16
3292,165434,30,8,328
3293,165434,30,9,17
3294,165434,30,10,566
3295,165434,30,11,268
3296,165434,30,12,508
3297,165434,30,13,389
3298,165434,30,14,313
3299,165434,30,15,44
3300,165434,31,1,508
3301,165434,31,2,44
3302,165434,31,3,543
3303,165434,31,4,6
3304,165434,31,5,742
3305,165434,31,6,328
3306,165434,31,7,54
3307,165434,31,8,346
3308,165434,31,9,17
3309,165434,31,10,566
3310,165434,31,11,268
3311,165434,31,12,47
3312,165434,31,13,88
3313,165434,31,14,11
3314,165434,31,15,24
3315,165434,32,1,47
3316,165434,32,2,579
3317,165434,32,3,543
3318,165434,32,4,313
3319,165434,32,5,54
3320,165434,32,6,23
3321,165434,32,7,742
3322,165434,32,8,328
3323,165434,32,9,17
3324,165434,32,10,268
3325,165434,32,11,566
3326,165434,32,12,508
3327,165434,32,13,24
3328,165434,32,14,11
3329,165434,32,15,6
3330,165434,33,1,47
3331,165434,33,2,313
3332,165434,33,3,579
3333,165434,33,4,6
3334,165434,33,5,402
3335,165434,33,6,328
3336,165434,33,7,54
3337,165434,33,8,135
3338,165434,33,9,17
3339,165434,33,10,566
3340,165434,33,11,11
3341,165434,33,12,14
3342,165434,33,13,268
3343,165434,33,14,395
3344,165434,33,15,422
3345,165434,34,1,14
3346,165434,34,2,579
3347,165434,34,3,564
3348,165434,34,4,159
3349,165434,34,5,395
3350,165434,34,6,135
3351,165434,34,7,402
3352,165434,34,8,328
3353,165434,34,9,329
3354,165434,34,10,497
3355,165434,34,11,566
3356,165434,34,12,47
3357,165434,34,13,313
3358,165434,34,14,268
3359,165434,34,15,54
3360,165434,35,1,47
3361,165434,35,2,579
3362,165434,35,3,210
3363,165434,35,4,200
3364,165434,35,5,395
3365,165434,35,6,54
3366,165434,35,7,356
3367,165434,35,8,402
3368,165434,35,9,328
3369,165434,35,10,585
3370,165434,35,11,268
3371,165434,35,12,14
3372,165434,35,13,566
3373,165434,35,14,194
3374,165434,35,15,11
3375,165434,36,1,47
3376,165434,36,2,579
3377,165434,36,3,395
3378,165434,36,4,210
3379,165434,36,5,54
3380,165434,36,6,402
3381,165434,36,7,17
3382,165434,36,8,571
3383,165434,36,9,566
3384,165434,36,10,268
3385,165434,36,11,351
3386,165434,36,12,185
3387,165434,36,13,585
3388,165434,36,14,234
3389,165434,36,15,200
3390,165434,37,1,304
3391,165434,37,2,291
3392,165434,37,3,305
3393,165434,37,4,288
3394,165434,37,5,295
3395,165434,37,6,54
3396,165434,37,7,402
3397,165434,37,8,17
3398,165434,37,9,585
3399,165434,37,10,268
3400,165434,37,11,351
3401,165434,37,12,47
3402,165434,37,13,571
3403,165434,37,14,36
3404,165434,37,15,4
3405,165434,38,1,47
3406,165434,38,2,267
3407,165434,38,3,270
3408,165434,38,4,282
3409,165434,38,5,630
3410,165434,38,6,54
3411,165434,38,7,402
3412,165434,38,8,17
3413,165434,38,9,4
3414,165434,38,10,351
3415,165434,38,11,289
3416,165434,38,12,744
3417,165434,38,13,36
3418,165434,38,14,16
3419,165434,38,15,748
3420,277102,1,1,235
3421,277102,1,2,24
3422,277102,1,3,339
3423,277102,1,4,498
3424,277102,1,5,348
3425,277102,1,6,525
3426,277102,1,7,372
3427,277102,1,8,531
3428,277102,1,9,394
3429,277102,1,10,401
3430,277102,1,11,447
3431,277102,1,12,554
3432,277102,1,13,191
3433,277102,1,14,340
3434,277102,1,15,497
3435,277102,2,1,554
3436,277102,2,2,339
3437,277102,2,3,340
3438,277102,2,4,498
3439,277102,2,5,372
3440,277102,2,6,394
3441,277102,2,7,525
3442,277102,2,8,491
3443,277102,2,9,401
3444,277102,2,10,447
3445,277102,2,11,617
3446,277102,2,12,235
3447,277102,2,13,191
3448,277102,2,14,348
3449,277102,2,15,24
3450,277102,3,1,235
3451,277102,3,2,24
3452,277102,3,3,339
3453,277102,3,4,340
3454,277102,3,5,491
3455,277102,3,6,525
3456,277102,3,7,372
3457,277102,3,8,394
3458,277102,3,9,401
3459,277102,3,10,447
3460,277102,3,11,617
3461,277102,3,12,554
3462,277102,3,13,191
3463,277102,3,14,348
3464,277102,3,15,498
3465,277102,4,1,235
3466,277102,4,2,339
3467,277102,4,3,340
3468,277102,4,4,191
3469,277102,4,5,491
3470,277102,4,6,525
3471,277102,4,7,372
3472,277102,4,8,233
3473,277102,4,9,401
3474,277102,4,10,447
3475,277102,4,11,617
3476,277102,4,12,443
3477,277102,4,13,348
3478,277102,4,14,24
3479,277102,4,15,498
3480,277102,5,1,443
3481,277102,5,2,191
3482,277102,5,3,339
3483,277102,5,4,498
3484,277102,5,5,372
3485,277102,5,6,348
3486,277102,5,7,525
3487,277102,5,8,233
3488,277102,5,9,491
3489,277102,5,10,401
3490,277102,5,11,447
3491,277102,5,12,235
3492,277102,5,13,340
3493,277102,5,14,617
3494,277102,5,15,24
3495,277102,6,1,443
3496,277102,6,2,339
3497,277102,6,3,191
3498,277102,6,4,498
3499,277102,6,5,340
3500,277102,6,6,348
3501,277102,6,7,525
3502,277102,6,8,372
3503,277102,6,9,491
3504,277102,6,10,233
3505,277102,6,11,447
3506,277102,6,12,235
3507,277102,6,13,401
3508,277102,6,14,617
3509,277102,6,15,24
3510,277102,7,1,235
3511,277102,7,2,498
3512,277102,7,3,339
3513,277102,7,4,340
3514,277102,7,5,348
3515,277102,7,6,525
3516,277102,7,7,372
3517,277102,7,8,491
3518,277102,7,9,386
3519,277102,7,10,447
3520,277102,7,11,617
3521,277102,7,12,443
3522,277102,7,13,401
3523,277102,7,14,24
3524,277102,7,15,191
3525,277102,8,1,443
3526,277102,8,2,191
3527,277102,8,3,339
3528,277102,8,4,498
3529,277102,8,5,372
3530,277102,8,6,348
3531,277102,8,7,525
3532,277102,8,8,386
3533,277102,8,9,491
3534,277102,8,10,401
3535,277102,8,11,447
3536,277102,8,12,235
3537,277102,8,13,617
3538,277102,8,14,24
3539,277102,8,15,340
3540,277102,9,1,235
3541,277102,9,2,339
3542,277102,9,3,144
3543,277102,9,4,498
3544,277102,9,5,145
3545,277102,9,6,348
3546,277102,9,7,372
3547,277102,9,8,491
3548,277102,9,9,401
3549,277102,9,10,447
3550,277102,9,11,617
3551,277102,9,12,443
3552,277102,9,13,386
3553,277102,9,14,525
3554,277102,9,15,24
3555,277102,10,1,443
3556,277102,10,2,24
3557,277102,10,3,339
3558,277102,10,4,498
3559,277102,10,5,211
3560,277102,10,6,372
3561,277102,10,7,348
3562,277102,10,8,491
3563,277102,10,9,617
3564,277102,10,10,401
3565,277102,10,11,447
3566,277102,10,12,235
3567,277102,10,13,145
3568,277102,10,14,386
3569,277102,10,15,525
3570,277102,11,1,443
3571,277102,11,2,24
3572,277102,11,3,339
3573,277102,11,4,498
3574,277102,11,5,211
3575,277102,11,6,372
3576,277102,11,7,348
3577,277102,11,8,491
3578,277102,11,9,617
3579,277102,11,10,401
3580,277102,11,11,447
3581,277102,11,12,235
3582,277102,11,13,145
3583,277102,11,14,386
3584,277102,11,15,525
3585,277102,12,1,235
3586,277102,12,2,339
3587,277102,12,3,145
3588,277102,12,4,211
3589,277102,12,5,491
3590,277102,12,6,372
3591,277102,12,7,348
3592,277102,12,8,611
3593,277102,12,9,617
3594,277102,12,10,401
3595,277102,12,11,447
3596,277102,12,12,443
3597,277102,12,13,355
3598,277102,12,14,24
3599,277102,12,15,525
3600,277102,13,1,443
3601,277102,13,2,339
3602,277102,13,3,422
3603,277102,13,4,211
3604,277102,13,5,348
3605,277102,13,6,372
3606,277102,13,7,491
3607,277102,13,8,611
3608,277102,13,9,401
3609,277102,13,10,447
3610,277102,13,11,617
3611,277102,13,12,235
3612,277102,13,13,145
3613,277102,13,14,355
3614,277102,13,15,525
3615,277102,14,1,443
3616,277102,14,2,339
3617,277102,14,3,211
3618,277102,14,4,355
3619,277102,14,5,422
3620,277102,14,6,372
3621,277102,14,7,525
3622,277102,14,8,491
3623,277102,14,9,401
3624,277102,14,10,447
3625,277102,14,11,617
3626,277102,14,12,235
3627,277102,14,13,348
3628,277102,14,14,611
3629,277102,14,15,145
3630,277102,15,1,443
3631,277102,15,2,422
3632,277102,15,3,211
3633,277102,15,4,355
3634,277102,15,5,372
3635,277102,15,6,525
3636,277102,15,7,491
3637,277102,15,8,611
3638,277102,15,9,401
3639,277102,15,10,447
3640,277102,15,11,617
3641,277102,15,12,235
3642,277102,15,13,348
3643,277102,15,14,339
3644,277102,15,15,145
3645,277102,16,1,235
3646,277102,16,2,339
3647,277102,16,3,211
3648,277102,16,4,422
3649,277102,16,5,348
3650,277102,16,6,525
3651,277102,16,7,491
3652,277102,16,8,611
3653,277102,16,9,401
3654,277102,16,10,447
3655,277102,16,11,617
3656,277102,16,12,443
3657,277102,16,13,372
3658,277102,16,14,355
3659,277102,16,15,145
3660,277102,17,1,235
3661,277102,17,2,339
3662,277102,17,3,422
3663,277102,17,4,355
3664,277102,17,5,348
3665,277102,17,6,525
3666,277102,17,7,491
3667,277102,17,8,611
3668,277102,17,9,401
3669,277102,17,10,447
3670,277102,17,11,617
3671,277102,17,12,443
3672,277102,17,13,372
3673,277102,17,14,211
3674,277102,17,15,145
3675,277102,18,1,443
3676,277102,18,2,339
3677,277102,18,3,355
3678,277102,18,4,211
3679,277102,18,5,491
3680,277102,18,6,525
3681,277102,18,7,348
3682,277102,18,8,336
3683,277102,18,9,617
3684,277102,18,10,401
3685,277102,18,11,447
3686,277102,18,12,235
3687,277102,18,13,422
3688,277102,18,14,372
3689,277102,18,15,145
3690,277102,19,1,443
3691,277102,19,2,339
3692,277102,19,3,422
3693,277102,19,4,211
3694,277102,19,5,491
3695,277102,19,6,525
3696,277102,19,7,348
3697,277102,19,8,432
3698,277102,19,9,617
3699,277102,19,10,401
3700,277102,19,11,447
3701,277102,19,12,235
3702,277102,19,13,355
3703,277102,19,14,372
3704,277102,19,15,145
3705,277102,20,1,443
3706,277102,20,2,339
3707,277102,20,3,211
3708,277102,20,4,355
3709,277102,20,5,422
3710,277102,20,6,348
3711,277102,20,7,491
3712,277102,20,8,432
3713,277102,20,9,401
3714,277102,20,10,447
3715,277102,20,11,617
3716,277102,20,12,235
3717,277102,20,13,336
3718,277102,20,14,525
3719,277102,20,15,145
3720,277102,21,1,235
3721,277102,21,2,422
3722,277102,21,3,339
3723,277102,21,4,211
3724,277102,21,5,348
3725,277102,21,6,525
3726,277102,21,7,336
3727,277102,21,8,432
3728,277102,21,9,491
3729,277102,21,10,401
3730,277102,21,11,447
3731,277102,21,12,443
3732,277102,21,13,617
3733,277102,21,14,355
3734,277102,21,15,145
3735,277102,22,1,443
3736,277102,22,2,422
3737,277102,22,3,339
3738,277102,22,4,211
3739,277102,22,5,219
3740,277102,22,6,348
3741,277102,22,7,525
3742,277102,22,8,19
3743,277102,22,9,432
3744,277102,22,10,401
3745,277102,22,11,447
3746,277102,22,12,235
3747,277102,22,13,617
3748,277102,22,14,491
3749,277102,22,15,580
3750,277102,23,1,443
3751,277102,23,2,339
3752,277102,23,3,580
3753,277102,23,4,211
3754,277102,23,5,19
3755,277102,23,6,525
3756,277102,23,7,348
3757,277102,23,8,432
3758,277102,23,9,177
3759,277102,23,10,401
3760,277102,23,11,447
3761,277102,23,12,235
3762,277102,23,13,422
3763,277102,23,14,617
3764,277102,23,15,219
3765,277102,24,1,235
3766,277102,24,2,339
3767,277102,24,3,422
3768,277102,24,4,219
3769,277102,24,5,19
3770,277102,24,6,525
3771,277102,24,7,348
3772,277102,24,8,432
3773,277102,24,9,177
3774,277102,24,10,401
3775,277102,24,11,447
3776,277102,24,12,443
3777,277102,24,13,580
3778,277102,24,14,211
3779,277102,24,15,389
3780,277102,25,1,443
3781,277102,25,2,339
3782,277102,25,3,422
3783,277102,25,4,211
3784,277102,25,5,19
3785,277102,25,6,385
3786,277102,25,7,348
3787,277102,25,8,432
3788,277102,25,9,177
3789,277102,25,10,401
3790,277102,25,11,447
3791,277102,25,12,235
3792,277102,25,13,580
3793,277102,25,14,219
3794,277102,25,15,251
3795,277102,26,1,443
3796,277102,26,2,339
3797,277102,26,3,422
3798,277102,26,4,211
3799,277102,26,5,19
3800,277102,26,6,385
3801,277102,26,7,348
3802,277102,26,8,432
3803,277102,26,9,571
3804,277102,26,10,401
3805,277102,26,11,447
3806,277102,26,12,235
3807,277102,26,13,580
3808,277102,26,14,219
3809,277102,26,15,251
3810,277102,27,1,235
3811,277102,27,2,422
3812,277102,27,3,339
3813,277102,27,4,211
3814,277102,27,5,580
3815,277102,27,6,348
3816,277102,27,7,385
3817,277102,27,8,571
3818,277102,27,9,432
3819,277102,27,10,617
3820,277102,27,11,447
3821,277102,27,12,443
3822,277102,27,13,19
3823,277102,27,14,401
3824,277102,27,15,219
3825,277102,28,1,235
3826,277102,28,2,339
3827,277102,28,3,210
3828,277102,28,4,211
3829,277102,28,5,19
3830,277102,28,6,385
3831,277102,28,7,348
3832,277102,28,8,432
3833,277102,28,9,571
3834,277102,28,10,401
3835,277102,28,11,447
3836,277102,28,12,443
3837,277102,28,13,422
3838,277102,28,14,617
3839,277102,28,15,580
3840,277102,29,1,443
3841,277102,29,2,422
3842,277102,29,3,580
3843,277102,29,4,211
3844,277102,29,5,19
3845,277102,29,6,348
3846,277102,29,7,432
3847,277102,29,8,571
3848,277102,29,9,617
3849,277102,29,10,401
3850,277102,29,11,447
3851,277102,29,12,235
3852,277102,29,13,339
3853,277102,29,14,385
3854,277102,29,15,210
3855,277102,30,1,443
3856,277102,30,2,339
3857,277102,30,3,580
3858,277102,30,4,211
3859,277102,30,5,422
3860,277102,30,6,210
3861,277102,30,7,385
3862,277102,30,8,571
3863,277102,30,9,432
3864,277102,30,10,401
3865,277102,30,11,617
3866,277102,30,12,235
3867,277102,30,13,348
3868,277102,30,14,447
3869,277102,30,15,19
3870,277102,31,1,443
3871,277102,31,2,339
3872,277102,31,3,580
3873,277102,31,4,211
3874,277102,31,5,210
3875,277102,31,6,348
3876,277102,31,7,385
3877,277102,31,8,432
3878,277102,31,9,19
3879,277102,31,10,401
3880,277102,31,11,617
3881,277102,31,12,235
3882,277102,31,13,422
3883,277102,31,14,571
3884,277102,31,15,447
3885,277102,32,1,443
3886,277102,32,2,339
3887,277102,32,3,211
3888,277102,32,4,210
3889,277102,32,5,580
3890,277102,32,6,385
3891,277102,32,7,571
3892,277102,32,8,432
3893,277102,32,9,401
3894,277102,32,10,447
3895,277102,32,11,617
3896,277102,32,12,235
3897,277102,32,13,348
3898,277102,32,14,194
3899,277102,32,15,13
3900,277102,33,1,443
3901,277102,33,2,194
3902,277102,33,3,580
3903,277102,33,4,211
3904,277102,33,5,210
3905,277102,33,6,385
3906,277102,33,7,13
3907,277102,33,8,571
3908,277102,33,9,432
3909,277102,33,10,447
3910,277102,33,11,401
3911,277102,33,12,235
3912,277102,33,13,348
3913,277102,33,14,339
3914,277102,33,15,617
3915,277102,34,1,443
3916,277102,34,2,231
3917,277102,34,3,88
3918,277102,34,4,339
3919,277102,34,5,580
3920,277102,34,6,372
3921,277102,34,7,491
3922,277102,34,8,432
3923,277102,34,9,617
3924,277102,34,10,447
3925,277102,34,11,401
3926,277102,34,12,235
3927,277102,34,13,385
3928,277102,34,14,211
3929,277102,34,15,13
3930,277102,35,1,235
3931,277102,35,2,231
3932,277102,35,3,88
3933,277102,35,4,339
3934,277102,35,5,211
3935,277102,35,6,199
3936,277102,35,7,372
3937,277102,35,8,432
3938,277102,35,9,13
3939,277102,35,10,447
3940,277102,35,11,401
3941,277102,35,12,443
3942,277102,35,13,491
3943,277102,35,14,617
3944,277102,35,15,580
3945,277102,36,1,443
3946,277102,36,2,88
3947,277102,36,3,339
3948,277102,36,4,70
3949,277102,36,5,364
3950,277102,36,6,199
3951,277102,36,7,432
3952,277102,36,8,372
3953,277102,36,9,617
3954,277102,36,10,447
3955,277102,36,11,401
3956,277102,36,12,235
3957,277102,36,13,13
3958,277102,36,14,580
3959,277102,36,15,211
3960,277102,37,1,235
3961,277102,37,2,88
3962,277102,37,3,70
3963,277102,37,4,211
3964,277102,37,5,364
3965,277102,37,6,199
3966,277102,37,7,13
3967,277102,37,8,432
3968,277102,37,9,372
3969,277102,37,10,447
3970,277102,37,11,617
3971,277102,37,12,443
3972,277102,37,13,401
3973,277102,37,14,339
3974,277102,37,15,580
3975,277102,38,1,443
3976,277102,38,2,70
3977,277102,38,3,339
3978,277102,38,4,580
3979,277102,38,5,364
3980,277102,38,6,394
3981,277102,38,7,432
3982,277102,38,8,13
3983,277102,38,9,617
3984,277102,38,10,447
3985,277102,38,11,401
3986,277102,38,12,235
3987,277102,38,13,199
3988,277102,38,14,88
3989,277102,38,15,211
3990,278897,1,1,347
3991,278897,1,2,506
3992,278897,1,3,3
3993,278897,1,4,594
3994,278897,1,5,327
3995,278897,1,6,385
3996,278897,1,7,342
3997,278897,1,8,492
3998,278897,1,9,205
3999,278897,1,10,58
4000,278897,1,11,2
4001,278897,1,12,248
4002,278897,1,13,589
4003,278897,1,14,32
4004,278897,1,15,350
4005,278897,2,1,347
4006,278897,2,2,350
4007,278897,2,3,506
4008,278897,2,4,594
4009,278897,2,5,327
4010,278897,2,6,385
4011,278897,2,7,342
4012,278897,2,8,492
4013,278897,2,9,205
4014,278897,2,10,58
4015,278897,2,11,589
4016,278897,2,12,248
4017,278897,2,13,2
4018,278897,2,14,3
4019,278897,2,15,32
4020,278897,3,1,347
4021,278897,3,2,350
4022,278897,3,3,3
4023,278897,3,4,52
4024,278897,3,5,327
4025,278897,3,6,385
4026,278897,3,7,342
4027,278897,3,8,492
4028,278897,3,9,621
4029,278897,3,10,589
4030,278897,3,11,58
4031,278897,3,12,248
4032,278897,3,13,506
4033,278897,3,14,594
4034,278897,3,15,2
4035,278897,4,1,347
4036,278897,4,2,594
4037,278897,4,3,350
4038,278897,4,4,52
4039,278897,4,5,327
4040,278897,4,6,385
4041,278897,4,7,342
4042,278897,4,8,492
4043,278897,4,9,621
4044,278897,4,10,11
4045,278897,4,11,58
4046,278897,4,12,248
4047,278897,4,13,2
4048,278897,4,14,3
4049,278897,4,15,506
4050,278897,5,1,347
4051,278897,5,2,594
4052,278897,5,3,506
4053,278897,5,4,52
4054,278897,5,5,327
4055,278897,5,6,385
4056,278897,5,7,342
4057,278897,5,8,492
4058,278897,5,9,621
4059,278897,5,10,11
4060,278897,5,11,58
4061,278897,5,12,248
4062,278897,5,13,2
4063,278897,5,14,3
4064,278897,5,15,350
4065,278897,6,1,347
4066,278897,6,2,350
4067,278897,6,3,3
4068,278897,6,4,52
4069,278897,6,5,327
4070,278897,6,6,385
4071,278897,6,7,342
4072,278897,6,8,492
4073,278897,6,9,2
4074,278897,6,10,58
4075,278897,6,11,11
4076,278897,6,12,248
4077,278897,6,13,621
4078,278897,6,14,594
4079,278897,6,15,506
4080,278897,7,1,347
4081,278897,7,2,350
4082,278897,7,3,3
4083,278897,7,4,506
4084,278897,7,5,327
4085,278897,7,6,385
4086,278897,7,7,342
4087,278897,7,8,492
4088,278897,7,9,621
4089,278897,7,10,11
4090,278897,7,11,58
4091,278897,7,12,248
4092,278897,7,13,2
4093,278897,7,14,594
4094,278897,7,15,52
4095,278897,8,1,347
4096,278897,8,2,350
4097,278897,8,3,3
4098,278897,8,4,506
4099,278897,8,5,327
4100,278897,8,6,385
4101,278897,8,7,342
4102,278897,8,8,492
4103,278897,8,9,2
4104,278897,8,10,11
4105,278897,8,11,58
4106,278897,8,12,248
4107,278897,8,13,621
4108,278897,8,14,594
4109,278897,8,15,52
4110,278897,9,1,347
4111,278897,9,2,350
4112,278897,9,3,52
4113,278897,9,4,594
4114,278897,9,5,327
4115,278897,9,6,385
4116,278897,9,7,342
4117,278897,9,8,492
4118,278897,9,9,2
4119,278897,9,10,58
4120,278897,9,11,11
4121,278897,9,12,248
4122,278897,9,13,621
4123,278897,9,14,3
4124,278897,9,15,506
4125,278897,10,1,347
4126,278897,10,2,350
4127,278897,10,3,594
4128,278897,10,4,3
4129,278897,10,5,327
4130,278897,10,6,385
4131,278897,10,7,342
4132,278897,10,8,492
4133,278897,10,9,2
4134,278897,10,10,11
4135,278897,10,11,58
4136,278897,10,12,248
4137,278897,10,13,621
4138,278897,10,14,163
4139,278897,10,15,52
4140,278897,11,1,248
4141,278897,11,2,350
4142,278897,11,3,122
4143,278897,11,4,594
4144,278897,11,5,327
4145,278897,11,6,385
4146,278897,11,7,342
4147,278897,11,8,492
4148,278897,11,9,2
4149,278897,11,10,58
4150,278897,11,11,316
4151,278897,11,12,347
4152,278897,11,13,621
4153,278897,11,14,3
4154,278897,11,15,163
4155,278897,12,1,347
4156,278897,12,2,3
4157,278897,12,3,594
4158,278897,12,4,122
4159,278897,12,5,163
4160,278897,12,6,327
4161,278897,12,7,385
4162,278897,12,8,492
4163,278897,12,9,342
4164,278897,12,10,316
4165,278897,12,11,58
4166,278897,12,12,248
4167,278897,12,13,2
4168,278897,12,14,350
4169,278897,12,15,621
4170,278897,13,1,248
4171,278897,13,2,3
4172,278897,13,3,122
4173,278897,13,4,594
4174,278897,13,5,327
4175,278897,13,6,385
4176,278897,13,7,492
4177,278897,13,8,621
4178,278897,13,9,58
4179,278897,13,10,316
4180,278897,13,11,2
4181,278897,13,12,347
4182,278897,13,13,163
4183,278897,13,14,350
4184,278897,13,15,342
4185,278897,14,1,248
4186,278897,14,2,350
4187,278897,14,3,122
4188,278897,14,4,163
4189,278897,14,5,621
4190,278897,14,6,327
4191,278897,14,7,385
4192,278897,14,8,342
4193,278897,14,9,492
4194,278897,14,10,58
4195,278897,14,11,316
4196,278897,14,12,347
4197,278897,14,13,3
4198,278897,14,14,594
4199,278897,14,15,2
4200,278897,15,1,248
4201,278897,15,2,350
4202,278897,15,3,122
4203,278897,15,4,163
4204,278897,15,5,594
4205,278897,15,6,181
4206,278897,15,7,385
4207,278897,15,8,342
4208,278897,15,9,492
4209,278897,15,10,58
4210,278897,15,11,2
4211,278897,15,12,347
4212,278897,15,13,3
4213,278897,15,14,327
4214,278897,15,15,316
4215,278897,16,1,347
4216,278897,16,2,3
4217,278897,16,3,122
4218,278897,16,4,163
4219,278897,16,5,327
4220,278897,16,6,342
4221,278897,16,7,492
4222,278897,16,8,181
4223,278897,16,9,2
4224,278897,16,10,58
4225,278897,16,11,316
4226,278897,16,12,248
4227,278897,16,13,385
4228,278897,16,14,350
4229,278897,16,15,594
4230,278897,17,1,248
4231,278897,17,2,350
4232,278897,17,3,3
4233,278897,17,4,122
4234,278897,17,5,327
4235,278897,17,6,342
4236,278897,17,7,492
4237,278897,17,8,181
4238,278897,17,9,2
4239,278897,17,10,58
4240,278897,17,11,316
4241,278897,17,12,347
4242,278897,17,13,385
4243,278897,17,14,594
4244,278897,17,15,163
4245,278897,18,1,248
4246,278897,18,2,3
4247,278897,18,3,122
4248,278897,18,4,163
4249,278897,18,5,71
4250,278897,18,6,342
4251,278897,18,7,492
4252,278897,18,8,181
4253,278897,18,9,316
4254,278897,18,10,58
4255,278897,18,11,2
4256,278897,18,12,347
4257,278897,18,13,327
4258,278897,18,14,594
4259,278897,18,15,350
4260,278897,19,1,248
4261,278897,19,2,350
4262,278897,19,3,3
4263,278897,19,4,163
4264,278897,19,5,594
4265,278897,19,6,327
4266,278897,19,7,342
4267,278897,19,8,492
4268,278897,19,9,550
4269,278897,19,10,58
4270,278897,19,11,2
4271,278897,19,12,347
4272,278897,19,13,122
4273,278897,19,14,316
4274,278897,19,15,71
4275,278897,20,1,248
4276,278897,20,2,3
4277,278897,20,3,350
4278,278897,20,4,533
4279,278897,20,5,327
4280,278897,20,6,342
4281,278897,20,7,492
4282,278897,20,8,550
4283,278897,20,9,71
4284,278897,20,10,2
4285,278897,20,11,58
4286,278897,20,12,347
4287,278897,20,13,163
4288,278897,20,14,316
4289,278897,20,15,122
4290,278897,21,1,248
4291,278897,21,2,350
4292,278897,21,3,3
4293,278897,21,4,122
4294,278897,21,5,163
4295,278897,21,6,327
4296,278897,21,7,342
4297,278897,21,8,492
4298,278897,21,9,550
4299,278897,21,10,58
4300,278897,21,11,148
4301,278897,21,12,347
4302,278897,21,13,71
4303,278897,21,14,388
4304,278897,21,15,2
4305,278897,22,1,248
4306,278897,22,2,350
4307,278897,22,3,163
4308,278897,22,4,388
4309,278897,22,5,3
4310,278897,22,6,122
4311,278897,22,7,327
4312,278897,22,8,71
4313,278897,22,9,492
4314,278897,22,10,58
4315,278897,22,11,148
4316,278897,22,12,347
4317,278897,22,13,342
4318,278897,22,14,550
4319,278897,22,15,2
4320,278897,23,1,248
4321,278897,23,2,3
4322,278897,23,3,350
4323,278897,23,4,388
4324,278897,23,5,327
4325,278897,23,6,71
4326,278897,23,7,342
4327,278897,23,8,492
4328,278897,23,9,89
4329,278897,23,10,58
4330,278897,23,11,148
4331,278897,23,12,347
4332,278897,23,13,122
4333,278897,23,14,163
4334,278897,23,15,316
4335,278897,24,1,248
4336,278897,24,2,163
4337,278897,24,3,388
4338,278897,24,4,3
4339,278897,24,5,71
4340,278897,24,6,327
4341,278897,24,7,492
4342,278897,24,8,89
4343,278897,24,9,316
4344,278897,24,10,148
4345,278897,24,11,58
4346,278897,24,12,347
4347,278897,24,13,350
4348,278897,24,14,122
4349,278897,24,15,342
4350,278897,25,1,248
4351,278897,25,2,163
4352,278897,25,3,388
4353,278897,25,4,3
4354,278897,25,5,71
4355,278897,25,6,327
4356,278897,25,7,492
4357,278897,25,8,89
4358,278897,25,9,316
4359,278897,25,10,148
4360,278897,25,11,58
4361,278897,25,12,347
4362,278897,25,13,350
4363,278897,25,14,122
4364,278897,25,15,342
4365,278897,26,1,248
4366,278897,26,2,3
4367,278897,26,3,122
4368,278897,26,4,163
4369,278897,26,5,350
4370,278897,26,6,388
4371,278897,26,7,327
4372,278897,26,8,71
4373,278897,26,9,492
4374,278897,26,10,89
4375,278897,26,11,58
4376,278897,26,12,347
4377,278897,26,13,148
4378,278897,26,14,316
4379,278897,26,15,342
4380,278897,27,1,248
4381,278897,27,2,163
4382,278897,27,3,122
4383,278897,27,4,388
4384,278897,27,5,71
4385,278897,27,6,327
4386,278897,27,7,492
4387,278897,27,8,89
4388,278897,27,9,316
4389,278897,27,10,148
4390,278897,27,11,58
4391,278897,27,12,347
4392,278897,27,13,3
4393,278897,27,14,350
4394,278897,27,15,342
4395,278897,28,1,347
4396,278897,28,2,163
4397,278897,28,3,122
4398,278897,28,4,388
4399,278897,28,5,350
4400,278897,28,6,71
4401,278897,28,7,327
4402,278897,28,8,89
4403,278897,28,9,316
4404,278897,28,10,148
4405,278897,28,11,58
4406,278897,28,12,248
4407,278897,28,13,3
4408,278897,28,14,342
4409,278897,28,15,492
4410,278897,29,1,248
4411,278897,29,2,350
4412,278897,29,3,3
4413,278897,29,4,122
4414,278897,29,5,163
4415,278897,29,6,388
4416,278897,29,7,71
4417,278897,29,8,342
4418,278897,29,9,89
4419,278897,29,10,148
4420,278897,29,11,316
4421,278897,29,12,347
4422,278897,29,13,492
4423,278897,29,14,327
4424,278897,29,15,58
4425,278897,30,1,347
4426,278897,30,2,350
4427,278897,30,3,3
4428,278897,30,4,163
4429,278897,30,5,388
4430,278897,30,6,122
4431,278897,30,7,327
4432,278897,30,8,89
4433,278897,30,9,58
4434,278897,30,10,148
4435,278897,30,11,316
4436,278897,30,12,248
4437,278897,30,13,71
4438,278897,30,14,492
4439,278897,30,15,342
4440,278897,31,1,347
4441,278897,31,2,350
4442,278897,31,3,498
4443,278897,31,4,163
4444,278897,31,5,388
4445,278897,31,6,327
4446,278897,31,7,342
4447,278897,31,8,89
4448,278897,31,9,58
4449,278897,31,10,148
4450,278897,31,11,316
4451,278897,31,12,248
4452,278897,31,13,71
4453,278897,31,14,122
4454,278897,31,15,492
4455,278897,32,1,347
4456,278897,32,2,350
4457,278897,32,3,498
4458,278897,32,4,122
4459,278897,32,5,163
4460,278897,32,6,388
4461,278897,32,7,327
4462,278897,32,8,89
4463,278897,32,9,492
4464,278897,32,10,58
4465,278897,32,11,148
4466,278897,32,12,248
4467,278897,32,13,342
4468,278897,32,14,71
4469,278897,32,15,316
4470,278897,33,1,248
4471,278897,33,2,350
4472,278897,33,3,498
4473,278897,33,4,122
4474,278897,33,5,163
4475,278897,33,6,327
4476,278897,33,7,71
4477,278897,33,8,89
4478,278897,33,9,342
4479,278897,33,10,58
4480,278897,33,11,148
4481,278897,33,12,347
4482,278897,33,13,316
4483,278897,33,14,388
4484,278897,33,15,492
4485,278897,34,1,248
4486,278897,34,2,388
4487,278897,34,3,122
4488,278897,34,4,163
4489,278897,34,5,492
4490,278897,34,6,327
4491,278897,34,7,71
4492,278897,34,8,89
4493,278897,34,9,58
4494,278897,34,10,148
4495,278897,34,11,316
4496,278897,34,12,347
4497,278897,34,13,342
4498,278897,34,14,350
4499,278897,34,15,498
4500,278897,35,1,347
4501,278897,35,2,350
4502,278897,35,3,388
4503,278897,35,4,122
4504,278897,35,5,492
4505,278897,35,6,71
4506,278897,35,7,342
4507,278897,35,8,89
4508,278897,35,9,58
4509,278897,35,10,148
4510,278897,35,11,316
4511,278897,35,12,248
4512,278897,35,13,327
4513,278897,35,14,498
4514,278897,35,15,163
4515,278897,36,1,347
4516,278897,36,2,350
4517,278897,36,3,388
4518,278897,36,4,122
4519,278897,36,5,327
4520,278897,36,6,71
4521,278897,36,7,342
4522,278897,36,8,89
4523,278897,36,9,58
4524,278897,36,10,148
4525,278897,36,11,316
4526,278897,36,12,248
4527,278897,36,13,492
4528,278897,36,14,498
4529,278897,36,15,163
4530,278897,37,1,347
4531,278897,37,2,350
4532,278897,37,3,18
4533,278897,37,4,388
4534,278897,37,5,342
4535,278897,37,6,71
4536,278897,37,7,327
4537,278897,37,8,89
4538,278897,37,9,530
4539,278897,37,10,58
4540,278897,37,11,148
4541,278897,37,12,248
4542,278897,37,13,316
4543,278897,37,14,122
4544,278897,37,15,163
4545,278897,38,1,347
4546,278897,38,2,350
4547,278897,38,3,163
4548,278897,38,4,388
4549,278897,38,5,327
4550,278897,38,6,71
4551,278897,38,7,342
4552,278897,38,8,530
4553,278897,38,9,89
4554,278897,38,10,58
4555,278897,38,11,497
4556,278897,38,12,248
4557,278897,38,13,148
4558,278897,38,14,122
4559,278897,38,15,592
